Player,Nation,Squad,Age,Playing Time MP,Playing Time Starts,Playing Time Min,Playing Time 90s,Performance Gls,Performance Ast,Performance G+A,Performance G-PK,Performance PK,Performance PKatt,Performance CrdY,Performance CrdR,Expected xG,Expected npxG,Expected xAG,Expected npxG+xAG,Progression PrgC,Progression PrgP,Progression PrgR,Per 90 Minutes Gls,Per 90 Minutes Ast,Per 90 Minutes G+A,Per 90 Minutes G-PK,Per 90 Minutes G+A-PK,Per 90 Minutes xG,Per 90 Minutes xAG,Per 90 Minutes xG+xAG,Per 90 Minutes npxG,Per 90 Minutes npxG+xAG,Position,Market Value_2023,Market Value_2022
Max Aarons,ENG,Bournemouth,23,20,13,1237,13.7,0,1,1,0,0,0,1,0,0.0,0.0,0.8,0.9,22,43,26,0.00,0.07,0.07,0.00,0.07,0.00,0.06,0.06,0.00,0.06,Right-Back,16000000,16000000.0
Joshua Acheampong,ENG,Chelsea,17,1,0,6,0.1,0,0,0,0,0,0,0,0,0.0,0.0,0.0,0.0,0,0,0,0.00,0.00,0.00,0.00,0.00,0.00,0.00,0.00,0.00,0.00,Right-Back,300000,
Tyler Adams,USA,Bournemouth,24,3,1,121,1.3,0,0,0,0,0,0,0,0,0.0,0.0,0.1,0.1,4,5,1,0.00,0.00,0.00,0.00,0.00,0.00,0.06,0.06,0.00,0.06,Defensive Midfield,15000000,18000000.0
Tosin Adarabioyo,ENG,Fulham,25,20,18,1617,18.0,2,0,2,2,0,0,2,0,0.7,0.7,0.1,0.8,10,62,5,0.11,0.00,0.11,0.11,0.11,0.04,0.01,0.05,0.04,0.05,Centre-Back,20000000,16000000.0
Elijah Adebayo,ENG,Luton Town,25,27,16,1419,15.8,10,0,10,10,0,0,1,0,5.9,5.9,0.7,6.6,16,23,110,0.63,0.00,0.63,0.63,0.63,0.37,0.04,0.42,0.37,0.42,Centre-Forward,12000000,6000000.0
Simon Adingra,CIV,Brighton,21,31,25,2222,24.7,6,1,7,6,0,0,3,0,4.3,4.3,3.7,8.0,111,50,278,0.24,0.04,0.28,0.24,0.28,0.17,0.15,0.32,0.17,0.32,Right Winger,30000000,10000000.0
Nayef Aguerd,MAR,West Ham,27,21,21,1857,20.6,1,0,1,1,0,0,3,1,1.5,1.5,0.3,1.8,10,68,3,0.05,0.00,0.05,0.05,0.05,0.07,0.01,0.09,0.07,0.09,Centre-Back,35000000,35000000.0
Brandon Aguilera,CRC,Nott'ham Forest,20,1,0,5,0.1,0,0,0,0,0,0,0,0,0.0,0.0,0.0,0.0,0,0,1,0.00,0.00,0.00,0.00,0.00,0.00,0.00,0.00,0.00,0.00,Attacking Midfield,300000,300000.0
Naouirou Ahamada,FRA,Crystal Palace,21,20,0,349,3.9,0,0,0,0,0,0,4,1,0.5,0.5,0.0,0.5,19,25,20,0.00,0.00,0.00,0.00,0.00,0.13,0.01,0.13,0.13,0.13,Central Midfield,8000000,10000000.0
Anel Ahmedhodžić,BIH,Sheffield Utd,24,31,29,2649,29.4,2,0,2,2,0,0,11,1,3.1,3.1,0.8,4.0,15,43,21,0.07,0.00,0.07,0.07,0.07,0.11,0.03,0.14,0.11,0.14,Centre-Back,18000000,20000000.0
Ola Aina,NGA,Nott'ham Forest,26,22,20,1692,18.8,1,1,2,1,0,0,3,0,0.3,0.3,0.9,1.2,53,68,38,0.05,0.05,0.11,0.05,0.11,0.01,0.05,0.06,0.01,0.06,Right-Back,12000000,3500000.0
Rayan Aït-Nouri,ALG,Wolves,22,33,29,2329,25.9,2,1,3,2,0,0,7,0,3.3,3.3,2.4,5.6,67,99,99,0.08,0.04,0.12,0.08,0.12,0.13,0.09,0.22,0.13,0.22,Left-Back,35000000,22000000.0
Kristoffer Ajer,NOR,Brentford,25,28,21,1832,20.4,2,1,3,2,0,0,5,0,1.3,1.3,2.3,3.6,22,61,31,0.10,0.05,0.15,0.10,0.15,0.06,0.11,0.18,0.06,0.18,Centre-Back,15000000,16000000.0
Manuel Akanji,SUI,Manchester City,28,30,28,2511,27.9,2,0,2,2,0,0,4,1,1.9,1.9,0.5,2.4,46,148,36,0.07,0.00,0.07,0.07,0.07,0.07,0.02,0.09,0.07,0.09,Centre-Back,45000000,38000000.0
Nathan Aké,NED,Manchester City,28,29,24,2042,22.7,2,2,4,2,0,0,0,0,2.5,2.5,1.2,3.7,24,116,18,0.09,0.09,0.18,0.09,0.18,0.11,0.05,0.16,0.11,0.16,Centre-Back,40000000,42000000.0
Thiago Alcántara,ESP,Liverpool,32,1,0,6,0.1,0,0,0,0,0,0,0,0,0.0,0.0,0.0,0.0,0,0,0,0.00,0.00,0.00,0.00,0.00,0.00,0.00,0.00,0.00,0.00,Central Midfield,10000000,15000000.0
Trent Alexander-Arnold,ENG,Liverpool,24,28,25,2155,23.9,3,4,7,3,0,0,6,0,2.6,2.3,7.2,9.5,45,205,97,0.13,0.17,0.29,0.13,0.29,0.11,0.30,0.41,0.10,0.40,Right-Back,70000000,65000000.0
Alisson,BRA,Liverpool,30,28,28,2520,28.0,0,0,0,0,0,0,1,0,0.0,0.0,0.0,0.0,0,5,0,0.00,0.00,0.00,0.00,0.00,0.00,0.00,0.00,0.00,0.00,Goalkeeper,28000000,35000000.0
Miguel Almirón,PAR,Newcastle Utd,29,33,23,1937,21.5,3,1,4,3,0,0,2,0,4.5,4.5,2.6,7.2,78,78,162,0.14,0.05,0.19,0.14,0.19,0.21,0.12,0.33,0.21,0.33,Right Winger,20000000,32000000.0
Edson Álvarez,MEX,West Ham,25,31,28,2377,26.4,1,1,2,1,0,0,11,0,1.3,1.3,0.6,1.9,20,91,26,0.04,0.04,0.08,0.04,0.08,0.05,0.02,0.07,0.05,0.07,Defensive Midfield,35000000,35000000.0
Julián Álvarez,ARG,Manchester City,23,36,31,2647,29.4,11,8,19,9,2,2,2,0,13.0,11.5,6.4,17.9,64,103,180,0.37,0.27,0.65,0.31,0.58,0.44,0.22,0.66,0.39,0.61,Centre-Forward,90000000,60000000.0
Zeki Amdouni,SUI,Burnley,22,34,27,1953,21.7,5,1,6,4,1,1,2,0,5.8,5.0,1.4,6.5,63,49,93,0.23,0.05,0.28,0.18,0.23,0.27,0.07,0.33,0.23,0.30,Centre-Forward,12000000,10000000.0
Sofyan Amrabat,MAR,Manchester Utd,26,21,10,938,10.4,0,0,0,0,0,0,6,0,0.1,0.1,0.3,0.4,6,66,10,0.00,0.00,0.00,0.00,0.00,0.01,0.03,0.04,0.01,0.04,Defensive Midfield,22000000,30000000.0
Joachim Andersen,DEN,Crystal Palace,27,38,38,3415,37.9,2,3,5,2,0,0,7,0,1.7,1.7,2.8,4.5,21,147,10,0.05,0.08,0.13,0.05,0.13,0.04,0.07,0.12,0.04,0.12,Centre-Back,35000000,30000000.0
Elliot Anderson,ENG,Newcastle Utd,20,21,10,1027,11.4,0,2,2,0,0,0,3,0,1.5,1.5,1.9,3.5,37,57,70,0.00,0.18,0.18,0.00,0.18,0.13,0.17,0.30,0.13,0.30,Central Midfield,15000000,8000000.0
Jaidon Anthony,ENG,Bournemouth,23,3,2,152,1.7,0,0,0,0,0,0,1,0,0.1,0.1,0.0,0.1,2,8,9,0.00,0.00,0.00,0.00,0.00,0.04,0.00,0.04,0.04,0.04,Left Winger,6000000,9000000.0
Michail Antonio,JAM,West Ham,33,26,21,1695,18.8,6,2,8,6,0,0,6,0,5.8,5.8,0.9,6.7,48,22,104,0.32,0.11,0.42,0.32,0.42,0.31,0.05,0.35,0.31,0.35,Centre-Forward,4000000,7000000.0
Antony,BRA,Manchester Utd,23,29,15,1324,14.7,1,1,2,1,0,0,5,0,3.4,3.4,2.8,6.1,53,64,149,0.07,0.07,0.14,0.07,0.14,0.23,0.19,0.42,0.23,0.42,Right Winger,25000000,60000000.0
Oliver Arblaster,ENG,Sheffield Utd,19,12,11,943,10.5,0,0,0,0,0,0,2,0,0.0,0.0,0.7,0.8,13,43,4,0.00,0.00,0.00,0.00,0.00,0.00,0.07,0.07,0.00,0.07,Central Midfield,450000,0.0
Cameron Archer,ENG,Sheffield Utd,22,29,21,1832,20.4,4,1,5,4,0,0,1,0,5.5,5.5,2.8,8.3,33,15,113,0.20,0.05,0.25,0.20,0.25,0.27,0.14,0.41,0.27,0.41,Centre-Forward,13000000,12000000.0
Cameron Archer,ENG,Aston Villa,22,1,0,6,0.1,0,0,0,0,0,0,1,0,0.0,0.0,0.0,0.0,1,0,0,0.00,0.00,0.00,0.00,0.00,0.00,0.00,0.00,0.00,0.00,Centre-Forward,13000000,12000000.0
Alphonse Areola,FRA,West Ham,30,31,31,2699,30.0,0,0,0,0,0,0,1,0,0.0,0.0,0.0,0.0,0,1,0,0.00,0.00,0.00,0.00,0.00,0.00,0.00,0.00,0.00,0.00,Goalkeeper,10000000,8000000.0
Lorenz Assignon,TOG,Burnley,23,15,15,1234,13.7,1,2,3,1,0,0,5,1,0.4,0.4,2.6,3.0,38,34,57,0.07,0.15,0.22,0.07,0.22,0.03,0.19,0.22,0.03,0.22,Right-Back,10000000,10000000.0
Serge Aurier,CIV,Nott'ham Forest,30,12,10,833,9.3,0,2,2,0,0,0,2,0,0.2,0.2,0.5,0.6,10,47,29,0.00,0.22,0.22,0.00,0.22,0.02,0.05,0.07,0.02,0.07,Right-Back,3700000,8000000.0
Taiwo Awoniyi,NGA,Nott'ham Forest,25,20,12,1042,11.6,6,3,9,6,0,0,2,0,4.7,4.7,1.7,6.4,8,14,45,0.52,0.26,0.78,0.52,0.78,0.41,0.15,0.56,0.41,0.56,Centre-Forward,28000000,25000000.0
Jordan Ayew,GHA,Crystal Palace,31,35,30,2543,28.3,4,7,11,4,0,0,9,1,3.9,3.9,4.2,8.1,74,63,173,0.14,0.25,0.39,0.14,0.39,0.14,0.15,0.29,0.14,0.29,Centre-Forward,4000000,5000000.0
Benoît Badiashile,FRA,Chelsea,22,18,15,1338,14.9,0,1,1,0,0,0,3,0,0.3,0.3,1.5,1.8,3,46,3,0.00,0.07,0.07,0.00,0.07,0.02,0.10,0.12,0.02,0.12,Centre-Back,30000000,40000000.0
Leon Bailey,JAM,Aston Villa,25,35,22,2068,23.0,10,9,19,10,0,0,5,0,6.3,6.3,9.2,15.5,102,82,226,0.44,0.39,0.83,0.44,0.83,0.27,0.40,0.67,0.27,0.67,Right Winger,42000000,28000000.0
Stefan Bajcetic,ESP,Liverpool,18,1,0,26,0.3,0,0,0,0,0,0,0,0,0.0,0.0,0.0,0.0,0,1,0,0.00,0.00,0.00,0.00,0.00,0.00,0.00,0.00,0.00,0.00,Defensive Midfield,11000000,13000000.0
George Baldock,GRE,Sheffield Utd,30,13,11,969,10.8,0,1,1,0,0,0,4,0,0.0,0.0,0.8,0.8,9,31,24,0.00,0.09,0.09,0.00,0.09,0.00,0.07,0.08,0.00,0.08,Right-Back,2500000,3500000.0
Carlos Baleba,CMR,Brighton,19,27,15,1325,14.7,0,0,0,0,0,0,7,0,0.8,0.8,0.3,1.1,19,50,9,0.00,0.00,0.00,0.00,0.00,0.06,0.02,0.08,0.06,0.08,Defensive Midfield,22000000,5000000.0
Fodé Ballo-Touré,SEN,Fulham,26,6,0,71,0.8,0,0,0,0,0,0,1,0,0.0,0.0,0.0,0.0,5,0,4,0.00,0.00,0.00,0.00,0.00,0.00,0.00,0.00,0.00,0.00,Left-Back,3000000,3500000.0
Shandon Baptiste,GRN,Brentford,25,10,2,229,2.5,1,1,2,1,0,0,1,0,0.9,0.9,0.2,1.1,3,5,1,0.39,0.39,0.79,0.39,0.79,0.35,0.08,0.43,0.35,0.43,Central Midfield,2500000,3000000.0
Valentín Barco,ARG,Brighton,19,6,3,307,3.4,0,0,0,0,0,0,1,0,0.2,0.2,0.2,0.4,8,14,20,0.00,0.00,0.00,0.00,0.00,0.05,0.07,0.13,0.05,0.13,Left-Back,13000000,13000000.0
Ross Barkley,ENG,Luton Town,29,32,30,2618,29.1,5,4,9,5,0,0,6,0,4.1,4.1,3.7,7.9,48,163,39,0.17,0.14,0.31,0.17,0.31,0.14,0.13,0.27,0.14,0.27,Central Midfield,8000000,6000000.0
Harvey Barnes,ENG,Newcastle Utd,25,21,7,802,8.9,5,3,8,5,0,0,2,0,3.6,3.6,3.2,6.8,45,34,79,0.56,0.34,0.90,0.56,0.90,0.40,0.36,0.76,0.40,0.76,Left Winger,35000000,35000000.0
Chris Basham,ENG,Sheffield Utd,35,8,3,321,3.6,0,0,0,0,0,0,1,0,0.1,0.1,0.3,0.4,1,7,6,0.00,0.00,0.00,0.00,0.00,0.04,0.07,0.10,0.04,0.10,Centre-Back,300000,300000.0
Calvin Bassey,NGA,Fulham,23,29,25,2303,25.6,1,0,1,1,0,0,6,1,0.3,0.3,0.0,0.4,15,62,4,0.04,0.00,0.04,0.04,0.04,0.01,0.00,0.01,0.01,0.01,Centre-Back,16000000,15000000.0
Owen Beck,WAL,Liverpool,20,1,0,8,0.1,0,0,0,0,0,0,0,0,0.0,0.0,0.0,0.0,0,0,1,0.00,0.00,0.00,0.00,0.00,0.00,0.00,0.00,0.00,0.00,Left-Back,1250000,
Donny van de Beek,NED,Manchester Utd,26,1,0,3,0.0,0,0,0,0,0,0,0,0,0.0,0.0,0.1,0.2,0,0,1,0.00,0.00,0.00,0.00,0.00,1.09,4.44,5.54,1.09,5.54,Central Midfield,5000000,13000000.0
Amari'i Bell,JAM,Luton Town,29,21,21,1720,19.1,0,0,0,0,0,0,0,0,0.3,0.3,0.5,0.7,32,76,10,0.00,0.00,0.00,0.00,0.00,0.01,0.02,0.04,0.01,0.04,Left-Back,2500000,2000000.0
Jean-Ricner Bellegarde,FRA,Wolves,25,22,10,958,10.6,2,1,3,2,0,0,0,1,1.6,1.6,1.0,2.5,30,39,49,0.19,0.09,0.28,0.19,0.28,0.15,0.09,0.24,0.15,0.24,Central Midfield,15000000,10000000.0
Anis Ben Slimane,TUN,Sheffield Utd,22,15,4,419,4.7,0,0,0,0,0,0,2,0,0.8,0.8,0.3,1.1,3,12,21,0.00,0.00,0.00,0.00,0.00,0.17,0.06,0.23,0.17,0.23,Central Midfield,2500000,2500000.0
Saïd Benrahma,ALG,West Ham,27,13,5,620,6.9,0,1,1,0,0,1,1,0,1.8,1.0,1.4,2.5,28,28,70,0.00,0.15,0.15,0.00,0.15,0.27,0.21,0.47,0.15,0.36,Left Winger,20000000,25000000.0
Rodrigo Bentancur,URU,Tottenham,26,23,13,1005,11.2,1,1,2,1,0,0,7,0,1.9,1.9,0.5,2.4,16,72,31,0.09,0.09,0.18,0.09,0.18,0.17,0.04,0.22,0.17,0.22,Defensive Midfield,35000000,40000000.0
Daniel Bentley,ENG,Wolves,30,5,3,383,4.3,0,0,0,0,0,0,0,0,0.0,0.0,0.0,0.0,0,0,0,0.00,0.00,0.00,0.00,0.00,0.00,0.00,0.00,0.00,0.00,Goalkeeper,2000000,2000000.0
Jóhann Berg Guðmundsson,ISL,Burnley,32,26,12,1192,13.2,1,3,4,1,0,0,2,0,1.9,1.9,2.7,4.5,13,59,69,0.08,0.23,0.30,0.08,0.30,0.14,0.20,0.34,0.14,0.34,Right Winger,1000000,1200000.0
Sander Berge,NOR,Burnley,25,37,34,3005,33.4,1,2,3,1,0,0,10,1,1.9,1.9,2.4,4.3,64,164,29,0.03,0.06,0.09,0.03,0.09,0.06,0.07,0.13,0.06,0.13,Defensive Midfield,20000000,20000000.0
Luke Berry,ENG,Luton Town,31,17,2,323,3.6,2,1,3,2,0,0,1,0,1.0,1.0,0.3,1.3,1,8,7,0.56,0.28,0.84,0.56,0.84,0.28,0.07,0.35,0.28,0.35,Central Midfield,400000,400000.0
Beto,GNB,Everton,25,30,9,951,10.6,3,0,3,3,0,1,2,0,6.8,6.0,0.9,6.9,14,14,58,0.28,0.00,0.28,0.28,0.28,0.64,0.09,0.73,0.57,0.66,Centre-Forward,20000000,25000000.0
Jordan Beyer,GER,Burnley,23,15,15,1234,13.7,0,1,1,0,0,0,6,0,0.5,0.5,0.3,0.8,9,25,1,0.00,0.07,0.07,0.00,0.07,0.04,0.02,0.06,0.04,0.06,Centre-Back,13000000,16000000.0
Philip Billing,DEN,Bournemouth,27,29,13,1398,15.5,2,2,4,2,0,0,3,1,2.5,2.5,3.2,5.7,22,53,63,0.13,0.13,0.26,0.13,0.26,0.16,0.21,0.36,0.16,0.36,Central Midfield,22000000,20000000.0
Yves Bissouma,MLI,Tottenham,26,28,26,2068,23.0,0,0,0,0,0,0,10,2,1.4,1.4,0.4,1.8,43,169,13,0.00,0.00,0.00,0.00,0.00,0.06,0.02,0.08,0.06,0.08,Defensive Midfield,35000000,18000000.0
Benicio Boaitey,ENG,Brighton,19,5,0,40,0.4,0,0,0,0,0,0,1,0,0.0,0.0,0.1,0.1,1,2,2,0.00,0.00,0.00,0.00,0.00,0.05,0.13,0.19,0.05,0.19,Left Winger,400000,
Oscar Bobb,NOR,Manchester City,20,14,2,302,3.4,1,1,2,1,0,0,0,0,1.4,1.4,1.2,2.6,13,25,38,0.30,0.30,0.60,0.30,0.60,0.41,0.37,0.78,0.41,0.78,Right Winger,25000000,0.0
Jayden Bogle,ENG,Sheffield Utd,23,34,32,2788,31.0,3,0,3,3,0,0,9,0,2.3,2.3,1.0,3.3,38,60,92,0.10,0.00,0.10,0.10,0.10,0.07,0.03,0.11,0.07,0.11,Right-Back,3800000,3800000.0
Willy Boly,CIV,Nott'ham Forest,32,20,18,1438,16.0,2,1,3,2,0,0,3,1,1.5,1.5,1.3,2.8,4,32,3,0.13,0.06,0.19,0.13,0.19,0.09,0.08,0.18,0.09,0.18,Centre-Back,2500000,2500000.0
Sven Botman,NED,Newcastle Utd,23,17,15,1377,15.3,2,2,4,2,0,0,2,0,0.6,0.6,1.0,1.6,0,35,5,0.13,0.13,0.26,0.13,0.26,0.04,0.07,0.11,0.04,0.11,Centre-Back,45000000,45000000.0
Jarrod Bowen,ENG,West Ham,26,34,34,3019,33.5,16,6,22,16,0,0,2,0,11.6,11.6,5.5,17.2,90,52,186,0.48,0.18,0.66,0.48,0.66,0.35,0.16,0.51,0.35,0.51,Right Winger,50000000,38000000.0
Conor Bradley,NIR,Liverpool,20,11,10,753,8.4,1,3,4,1,0,0,2,0,0.9,0.9,1.5,2.3,35,29,64,0.12,0.36,0.48,0.12,0.48,0.10,0.17,0.28,0.10,0.28,Right-Back,15000000,1500000.0
Jarrad Branthwaite,ENG,Everton,21,35,35,3116,34.6,3,0,3,3,0,0,8,0,1.7,1.7,1.0,2.8,2,74,6,0.09,0.00,0.09,0.09,0.09,0.05,0.03,0.08,0.05,0.08,Centre-Back,42000000,10000000.0
Ben Brereton,CHI,Sheffield Utd,24,14,14,1105,12.3,6,1,7,5,1,1,3,0,6.1,5.3,1.5,6.7,23,37,78,0.49,0.08,0.57,0.41,0.49,0.49,0.12,0.61,0.43,0.55,Centre-Forward,8000000,7000000.0
Rhian Brewster,ENG,Sheffield Utd,23,13,3,346,3.8,0,0,0,0,0,0,0,1,0.4,0.4,0.1,0.5,1,3,21,0.00,0.00,0.00,0.00,0.00,0.09,0.03,0.12,0.09,0.12,Centre-Forward,3000000,4000000.0
Armando Broja,ALB,Chelsea,21,13,6,454,5.0,1,0,1,1,0,0,0,0,2.4,2.4,0.2,2.5,11,6,37,0.20,0.00,0.20,0.20,0.20,0.47,0.03,0.50,0.47,0.50,Centre-Forward,22000000,28000000.0
Armando Broja,ALB,Fulham,21,8,0,88,1.0,0,1,1,0,0,0,0,0,0.0,0.0,0.4,0.4,2,2,7,0.00,1.02,1.02,0.00,1.02,0.00,0.41,0.41,0.00,0.41,Centre-Forward,22000000,28000000.0
Andre Brooks,ENG,Sheffield Utd,19,20,12,938,10.4,0,0,0,0,0,0,1,0,0.4,0.4,0.1,0.5,12,18,22,0.00,0.00,0.00,0.00,0.00,0.04,0.01,0.05,0.04,0.05,Central Midfield,2500000,0.0
David Brooks,WAL,Bournemouth,26,13,2,282,3.1,1,1,2,1,0,0,1,0,2.2,2.2,1.0,3.2,8,21,27,0.32,0.32,0.64,0.32,0.64,0.70,0.33,1.03,0.70,1.03,Right Winger,8000000,12000000.0
Jacob Brown,SCO,Luton Town,25,19,12,1019,11.3,2,0,2,2,0,0,4,0,2.8,2.8,0.7,3.4,25,19,53,0.18,0.00,0.18,0.18,0.18,0.25,0.06,0.30,0.25,0.30,Centre-Forward,4000000,6000000.0
Josh Brownhill,ENG,Burnley,27,33,23,2252,25.0,4,2,6,4,0,0,4,1,1.9,1.9,2.1,4.0,19,90,36,0.16,0.08,0.24,0.16,0.24,0.08,0.08,0.16,0.08,0.16,Central Midfield,15000000,18000000.0
Jacob Bruun Larsen,DEN,Burnley,24,32,16,1249,13.9,6,0,6,5,1,1,1,0,5.0,4.2,1.5,5.7,61,38,146,0.43,0.00,0.43,0.36,0.36,0.36,0.10,0.46,0.30,0.41,Left Winger,8000000,3000000.0
Hugo Bueno,ESP,Wolves,20,22,7,741,8.2,0,0,0,0,0,0,1,0,0.3,0.3,0.8,1.0,22,8,40,0.00,0.00,0.00,0.00,0.00,0.03,0.09,0.13,0.03,0.13,Left-Back,6000000,6000000.0
Santiago Bueno,URU,Wolves,24,12,9,822,9.1,0,0,0,0,0,0,1,0,0.0,0.0,0.1,0.1,3,11,2,0.00,0.00,0.00,0.00,0.00,0.00,0.01,0.01,0.00,0.01,Centre-Back,8000000,8000000.0
Facundo Buonanotte,ARG,Brighton,18,27,17,1364,15.2,3,1,4,3,0,0,7,0,2.4,2.4,1.8,4.2,23,42,69,0.20,0.07,0.26,0.20,0.26,0.16,0.12,0.28,0.16,0.28,Attacking Midfield,18000000,12000000.0
Reece Burke,ENG,Luton Town,26,22,20,1660,18.4,0,4,4,0,0,0,5,0,1.3,1.3,1.4,2.7,11,67,14,0.00,0.22,0.22,0.00,0.22,0.07,0.07,0.15,0.07,0.15,Centre-Back,1800000,1800000.0
Dan Burn,ENG,Newcastle Utd,31,33,32,2726,30.3,2,2,4,2,0,0,4,0,3.1,3.1,1.1,4.2,14,75,25,0.07,0.07,0.13,0.07,0.13,0.10,0.04,0.14,0.10,0.14,Centre-Back,8000000,10000000.0
Mason Burstow,ENG,Chelsea,19,2,0,9,0.1,0,0,0,0,0,0,0,0,0.0,0.0,0.0,0.0,0,0,1,0.00,0.00,0.00,0.00,0.00,0.00,0.00,0.00,0.00,0.00,Centre-Forward,1800000,
Moisés Caicedo,ECU,Chelsea,21,35,33,2866,31.8,1,3,4,1,0,0,11,0,0.4,0.4,2.6,3.0,27,173,27,0.03,0.09,0.13,0.03,0.13,0.01,0.08,0.09,0.01,0.09,Defensive Midfield,75000000,75000000.0
Tom Cairney,SCO,Fulham,32,34,14,1488,16.5,1,4,5,1,0,0,3,0,1.1,1.1,2.3,3.4,35,145,72,0.06,0.24,0.30,0.06,0.30,0.07,0.14,0.20,0.07,0.20,Central Midfield,2000000,2000000.0
Dominic Calvert-Lewin,ENG,Everton,26,32,26,2171,24.1,7,2,9,5,2,2,2,0,12.9,11.4,3.1,14.5,36,31,122,0.29,0.08,0.37,0.21,0.29,0.54,0.13,0.66,0.47,0.60,Centre-Forward,22000000,25000000.0
Thomas Cannon,IRL,Everton,20,1,0,1,0.0,0,0,0,0,0,0,0,0,0.0,0.0,0.0,0.0,0,0,0,0.00,0.00,0.00,0.00,0.00,0.00,0.00,0.00,0.00,0.00,Centre-Forward,4000000,5000000.0
Diego Carlos,BRA,Aston Villa,30,27,20,1816,20.2,0,0,0,0,0,0,4,0,1.9,1.9,0.1,2.0,4,59,1,0.00,0.00,0.00,0.00,0.00,0.10,0.00,0.10,0.10,0.10,Centre-Back,16000000,20000000.0
Cesare Casadei,ITA,Chelsea,20,11,0,79,0.9,0,0,0,0,0,0,0,0,0.0,0.0,0.1,0.1,1,3,3,0.00,0.00,0.00,0.00,0.00,0.00,0.12,0.12,0.00,0.12,Central Midfield,10000000,10000000.0
Casemiro,BRA,Manchester Utd,31,25,24,1982,22.0,1,2,3,1,0,0,7,0,3.5,3.5,1.0,4.5,12,112,36,0.05,0.09,0.14,0.05,0.14,0.16,0.05,0.20,0.16,0.20,Defensive Midfield,20000000,40000000.0
Kaelan Casey,ENG,West Ham,18,1,0,1,0.0,0,0,0,0,0,0,0,0,0.0,0.0,0.0,0.0,0,0,0,0.00,0.00,0.00,0.00,0.00,0.00,0.00,0.00,0.00,0.00,Centre-Back,1000000,0.0
Matty Cash,POL,Aston Villa,25,29,23,2142,23.8,2,2,4,2,0,0,8,0,4.2,4.2,2.3,6.5,62,88,101,0.08,0.08,0.17,0.08,0.17,0.18,0.10,0.27,0.18,0.27,Right-Back,28000000,25000000.0
Timothy Castagne,BEL,Fulham,27,34,29,2634,29.3,1,3,4,1,0,0,3,0,1.6,1.6,1.9,3.5,48,77,113,0.03,0.10,0.14,0.03,0.14,0.06,0.07,0.12,0.06,0.12,Right-Back,17000000,25000000.0
Jonny Castro,ESP,Wolves,29,1,0,5,0.1,0,0,0,0,0,0,0,0,0.0,0.0,0.0,0.0,0,0,0,0.00,0.00,0.00,0.00,0.00,0.00,0.00,0.00,0.00,0.00,Right-Back,5000000,13000000.0
Trevoh Chalobah,ENG,Chelsea,24,13,10,952,10.6,1,0,1,1,0,0,1,0,0.2,0.2,0.1,0.3,5,31,9,0.09,0.00,0.09,0.09,0.09,0.02,0.01,0.02,0.02,0.02,Centre-Back,13000000,18000000.0
Calum Chambers,ENG,Aston Villa,28,5,1,152,1.7,0,1,1,0,0,0,1,0,0.0,0.0,0.1,0.1,0,5,1,0.00,0.59,0.59,0.00,0.59,0.00,0.06,0.06,0.00,0.06,Centre-Back,4000000,8000000.0
Youssef Chermiti,POR,Everton,19,18,1,208,2.3,0,0,0,0,0,0,3,0,0.7,0.7,0.8,1.5,5,5,15,0.00,0.00,0.00,0.00,0.00,0.31,0.34,0.65,0.31,0.65,Centre-Forward,9000000,3000000.0
Ben Chilwell,ENG,Chelsea,26,13,9,756,8.4,0,1,1,0,0,0,5,0,1.2,1.2,2.2,3.4,22,25,59,0.00,0.12,0.12,0.00,0.12,0.14,0.26,0.41,0.14,0.41,Left-Back,28000000,35000000.0
Tawanda Chirewa,ZIM,Wolves,19,8,1,145,1.6,0,0,0,0,0,0,1,0,0.2,0.2,0.0,0.2,1,7,8,0.00,0.00,0.00,0.00,0.00,0.10,0.02,0.12,0.10,0.12,Attacking Midfield,500000,
Leon Chiwome,ENG,Wolves,17,3,2,174,1.9,0,0,0,0,0,0,0,0,0.1,0.1,0.0,0.1,1,2,7,0.00,0.00,0.00,0.00,0.00,0.05,0.00,0.05,0.05,0.05,Centre-Forward,1000000,
Tahith Chong,NED,Luton Town,23,33,20,1982,22.0,4,0,4,4,0,0,4,0,2.7,2.7,0.5,3.2,57,72,101,0.18,0.00,0.18,0.18,0.18,0.12,0.02,0.15,0.12,0.15,Right Winger,6000000,3200000.0
Ryan Christie,SCO,Bournemouth,28,37,35,2907,32.3,0,5,5,0,0,0,6,0,2.3,2.3,5.4,7.7,60,167,78,0.00,0.15,0.15,0.00,0.15,0.07,0.17,0.24,0.07,0.24,Central Midfield,12000000,10000000.0
Carney Chukwuemeka,ENG,Chelsea,19,9,2,227,2.5,1,1,2,1,0,0,2,0,0.2,0.2,0.3,0.5,4,12,19,0.40,0.40,0.79,0.40,0.79,0.06,0.13,0.19,0.06,0.19,Central Midfield,15000000,15000000.0
Bobby Clark,ENG,Liverpool,18,5,1,89,1.0,0,0,0,0,0,0,0,0,0.1,0.1,0.0,0.1,3,3,7,0.00,0.00,0.00,0.00,0.00,0.14,0.00,0.14,0.14,0.14,Central Midfield,1000000,350000.0
Jordan Clark,ENG,Luton Town,29,23,14,1304,14.5,1,1,2,1,0,0,4,0,1.0,1.0,1.3,2.2,21,51,39,0.07,0.07,0.14,0.07,0.14,0.07,0.09,0.16,0.07,0.16,Central Midfield,1000000,900000.0
Nathaniel Clyne,ENG,Crystal Palace,32,19,14,1338,14.9,0,0,0,0,0,0,0,0,0.2,0.2,0.2,0.4,10,33,18,0.00,0.00,0.00,0.00,0.00,0.01,0.01,0.03,0.01,0.03,Right-Back,1500000,2000000.0
Séamus Coleman,IRL,Everton,34,12,7,665,7.4,0,0,0,0,0,0,0,0,0.0,0.0,1.0,1.0,5,22,16,0.00,0.00,0.00,0.00,0.00,0.00,0.14,0.14,0.00,0.14,Right-Back,500000,1000000.0
Nathan Collins,IRL,Brentford,22,32,29,2652,29.5,1,1,2,1,0,0,3,0,1.7,1.7,2.2,3.9,11,97,18,0.03,0.03,0.07,0.03,0.07,0.06,0.07,0.13,0.06,0.13,Centre-Back,25000000,22000000.0
Levi Colwill,ENG,Chelsea,20,23,20,1797,20.0,1,1,2,1,0,0,2,0,1.3,1.3,1.2,2.5,23,73,27,0.05,0.05,0.10,0.05,0.10,0.06,0.06,0.12,0.06,0.12,Centre-Back,50000000,30000000.0
Lewis Cook,ENG,Bournemouth,26,33,32,2786,31.0,0,3,3,0,0,0,5,1,0.4,0.4,4.3,4.6,22,142,15,0.00,0.10,0.10,0.00,0.10,0.01,0.14,0.15,0.01,0.15,Central Midfield,12000000,10000000.0
Jack Cork,ENG,Burnley,34,4,0,27,0.3,0,0,0,0,0,0,0,0,0.0,0.0,0.0,0.0,4,4,1,0.00,0.00,0.00,0.00,0.00,0.00,0.00,0.00,0.00,0.00,Defensive Midfield,800000,1000000.0
Maxwel Cornet,CIV,West Ham,26,7,1,112,1.2,1,0,1,1,0,0,0,0,0.4,0.4,0.2,0.6,3,2,8,0.80,0.00,0.80,0.80,0.80,0.32,0.13,0.46,0.32,0.46,Left Winger,9000000,12000000.0
Vladimír Coufal,CZE,West Ham,30,36,36,3132,34.8,0,7,7,0,0,0,7,1,0.3,0.3,4.0,4.3,68,119,126,0.00,0.20,0.20,0.00,0.20,0.01,0.11,0.12,0.01,0.12,Right-Back,8000000,9000000.0
Philippe Coutinho,BRA,Aston Villa,31,2,0,25,0.3,0,0,0,0,0,0,0,0,0.1,0.1,0.0,0.1,5,5,2,0.00,0.00,0.00,0.00,0.00,0.52,0.00,0.52,0.52,0.52,Attacking Midfield,7500000,10000000.0
Aaron Cresswell,ENG,West Ham,33,11,4,436,4.8,0,0,0,0,0,0,1,0,0.0,0.0,0.4,0.4,4,26,6,0.00,0.00,0.00,0.00,0.00,0.00,0.09,0.09,0.00,0.09,Left-Back,900000,1200000.0
Marc Cucurella,ESP,Chelsea,25,21,20,1782,19.8,0,2,2,0,0,0,10,0,1.1,1.1,1.1,2.2,31,50,73,0.00,0.10,0.10,0.00,0.10,0.06,0.05,0.11,0.06,0.11,Left-Back,25000000,35000000.0
Josh Cullen,IRL,Burnley,27,25,23,2057,22.9,2,3,5,2,0,0,9,0,0.6,0.6,1.8,2.4,22,123,22,0.09,0.13,0.22,0.09,0.22,0.03,0.08,0.11,0.03,0.11,Defensive Midfield,10000000,13000000.0
Matheus Cunha,BRA,Wolves,24,32,29,2440,27.1,12,7,19,11,1,1,9,0,9.5,8.7,3.2,11.9,107,87,139,0.44,0.26,0.70,0.41,0.66,0.35,0.12,0.47,0.32,0.44,Centre-Forward,45000000,25000000.0
Sam Curtis,IRL,Sheffield Utd,17,1,0,28,0.3,0,0,0,0,0,0,0,0,0.0,0.0,0.0,0.0,0,1,1,0.00,0.00,0.00,0.00,0.00,0.00,0.00,0.00,0.00,0.00,Right-Back,150000,
Mahmoud Dahoud,GER,Brighton,27,9,6,452,5.0,0,1,1,0,0,0,1,1,0.2,0.2,0.9,1.1,4,11,6,0.00,0.20,0.20,0.00,0.20,0.04,0.18,0.22,0.04,0.22,Central Midfield,6000000,12000000.0
Ameen Al-Dakhil,BEL,Burnley,21,13,12,1056,11.7,1,0,1,1,0,0,1,0,1.3,1.3,0.1,1.4,7,35,9,0.09,0.00,0.09,0.09,0.09,0.11,0.01,0.12,0.11,0.12,Centre-Back,12000000,6000000.0
Diogo Dalot,POR,Manchester Utd,24,36,35,3174,35.3,2,3,5,2,0,0,6,1,1.7,1.7,2.9,4.6,52,124,111,0.06,0.09,0.14,0.06,0.14,0.05,0.08,0.13,0.05,0.13,Right-Back,35000000,40000000.0
Mikkel Damsgaard,DEN,Brentford,23,23,7,842,9.4,0,2,2,0,0,0,2,0,0.9,0.9,1.4,2.4,16,61,32,0.00,0.21,0.21,0.00,0.21,0.10,0.16,0.25,0.10,0.25,Left Winger,10000000,13000000.0
Danilo,BRA,Nott'ham Forest,22,29,20,1792,19.9,2,2,4,2,0,0,4,0,1.8,1.8,1.5,3.4,22,83,28,0.10,0.10,0.20,0.10,0.20,0.09,0.08,0.17,0.09,0.17,Defensive Midfield,28000000,28000000.0
Arnaut Danjuma,NED,Everton,26,14,5,595,6.6,1,0,1,1,0,0,0,0,2.6,2.6,1.1,3.7,24,9,44,0.15,0.00,0.15,0.15,0.15,0.40,0.17,0.57,0.40,0.57,Left Winger,13000000,25000000.0
Jayden Danns,ENG,Liverpool,17,2,0,9,0.1,0,0,0,0,0,0,1,0,0.0,0.0,0.0,0.0,0,1,2,0.00,0.00,0.00,0.00,0.00,0.00,0.00,0.00,0.00,0.00,Centre-Forward,1000000,
Josh Dasilva,ENG,Brentford,24,3,0,24,0.3,0,0,0,0,0,0,0,0,0.0,0.0,0.2,0.2,2,2,5,0.00,0.00,0.00,0.00,0.00,0.00,0.72,0.72,0.00,0.72,Central Midfield,10000000,16000000.0
David Datro Fofana,CIV,Burnley,20,15,10,879,9.8,4,1,5,4,0,0,1,0,4.5,4.5,1.8,6.4,21,15,39,0.41,0.10,0.51,0.41,0.51,0.46,0.19,0.65,0.46,0.65,Centre-Forward,12000000,10000000.0
Ben Davies,WAL,Tottenham,30,17,12,1090,12.1,1,0,1,1,0,0,2,0,2.3,2.3,0.4,2.7,13,71,20,0.08,0.00,0.08,0.08,0.08,0.19,0.03,0.23,0.19,0.23,Centre-Back,10000000,15000000.0
Tom Davies,ENG,Sheffield Utd,25,9,2,221,2.5,0,0,0,0,0,0,2,0,0.4,0.4,0.1,0.4,3,8,3,0.00,0.00,0.00,0.00,0.00,0.14,0.03,0.17,0.14,0.17,Central Midfield,5000000,9000000.0
Craig Dawson,ENG,Wolves,33,25,25,2209,24.5,1,1,2,1,0,0,7,0,1.5,1.5,1.4,2.9,1,49,4,0.04,0.04,0.08,0.04,0.08,0.06,0.06,0.12,0.06,0.12,Centre-Back,2000000,2000000.0
Kevin De Bruyne,BEL,Manchester City,32,18,15,1221,13.6,4,10,14,4,0,0,2,0,2.4,2.4,11.5,14.0,47,111,133,0.29,0.74,1.03,0.29,1.03,0.18,0.85,1.03,0.18,1.03,Attacking Midfield,50000000,70000000.0
Hannes Delcroix,BEL,Burnley,24,12,5,589,6.5,0,0,0,0,0,0,2,0,0.4,0.4,0.2,0.6,2,18,6,0.00,0.00,0.00,0.00,0.00,0.05,0.03,0.09,0.05,0.09,Centre-Back,4000000,2000000.0
Leander Dendoncker,BEL,Aston Villa,28,8,1,119,1.3,1,0,1,1,0,0,0,0,0.7,0.7,0.0,0.7,0,3,2,0.76,0.00,0.76,0.76,0.76,0.56,0.00,0.56,0.56,0.56,Defensive Midfield,7000000,15000000.0
Moussa Diaby,FRA,Aston Villa,24,38,25,2174,24.2,6,8,14,6,0,0,1,0,7.0,7.0,6.6,13.6,94,72,183,0.25,0.33,0.58,0.25,0.58,0.29,0.27,0.56,0.29,0.56,Right Winger,55000000,50000000.0
Amad Diallo,CIV,Manchester Utd,21,9,3,390,4.3,1,1,2,1,0,0,1,0,0.5,0.5,1.1,1.6,11,10,31,0.23,0.23,0.46,0.23,0.46,0.12,0.24,0.36,0.12,0.36,Right Winger,18000000,18000000.0
Amadou Diallo,ENG,Newcastle Utd,20,1,0,1,0.0,0,0,0,0,0,0,0,0,0.0,0.0,0.0,0.0,0,0,0,0.00,0.00,0.00,0.00,0.00,0.00,0.00,0.00,0.00,0.00,Left Winger,400000,
Rúben Dias,POR,Manchester City,26,30,28,2559,28.4,0,0,0,0,0,0,0,0,1.4,1.4,0.3,1.7,34,173,16,0.00,0.00,0.00,0.00,0.00,0.05,0.01,0.06,0.05,0.06,Centre-Back,80000000,80000000.0
Luis Díaz,COL,Liverpool,26,37,32,2629,29.2,8,5,13,8,0,0,3,0,11.9,11.9,5.7,17.5,137,113,302,0.27,0.17,0.45,0.27,0.45,0.41,0.19,0.60,0.41,0.60,Left Winger,75000000,75000000.0
Eric Dier,ENG,Tottenham,29,4,1,201,2.2,0,0,0,0,0,0,0,0,0.0,0.0,0.0,0.0,0,3,0,0.00,0.00,0.00,0.00,0.00,0.00,0.00,0.00,0.00,0.00,Centre-Back,12000000,18000000.0
Lucas Digne,FRA,Aston Villa,30,33,27,2410,26.8,1,3,4,1,0,0,7,0,1.1,1.1,4.1,5.2,42,77,200,0.04,0.11,0.15,0.04,0.15,0.04,0.15,0.19,0.04,0.19,Left-Back,12000000,15000000.0
Issa Diop,FRA,Fulham,26,18,16,1424,15.8,0,0,0,0,0,0,4,1,0.3,0.3,0.0,0.3,11,66,1,0.00,0.00,0.00,0.00,0.00,0.02,0.00,0.02,0.02,0.02,Centre-Back,20000000,18000000.0
Axel Disasi,FRA,Chelsea,25,31,29,2579,28.7,2,0,2,2,0,0,6,0,2.4,2.4,0.3,2.7,30,112,21,0.07,0.00,0.07,0.07,0.07,0.08,0.01,0.09,0.08,0.09,Centre-Back,40000000,30000000.0
Ben Doak,SCO,Liverpool,17,1,0,14,0.2,0,0,0,0,0,0,0,0,0.0,0.0,0.0,0.0,0,0,0,0.00,0.00,0.00,0.00,0.00,0.00,0.00,0.00,0.00,0.00,Right Winger,10000000,0.0
Lewis Dobbin,ENG,Everton,20,12,1,232,2.6,1,0,1,1,0,0,1,0,0.3,0.3,0.5,0.8,6,3,20,0.39,0.00,0.39,0.39,0.39,0.11,0.19,0.30,0.11,0.30,Left Winger,2500000,900000.0
Matt Doherty,IRL,Wolves,31,30,9,1150,12.8,1,0,1,1,0,0,2,0,0.8,0.8,1.3,2.2,12,31,64,0.08,0.00,0.08,0.08,0.08,0.07,0.10,0.17,0.07,0.17,Right-Back,3000000,5000000.0
Jeremy Doku,BEL,Manchester City,21,29,18,1595,17.7,3,8,11,3,0,0,3,0,2.5,2.5,4.6,7.1,218,57,295,0.17,0.45,0.62,0.17,0.62,0.14,0.26,0.40,0.14,0.40,Left Winger,65000000,28000000.0
Nicolás Domínguez,ARG,Nott'ham Forest,25,26,19,1495,16.6,2,2,4,2,0,0,4,0,1.3,1.3,1.0,2.3,14,91,43,0.12,0.12,0.24,0.12,0.24,0.08,0.06,0.14,0.08,0.14,Central Midfield,17000000,17000000.0
Jamie Donley,ENG,Tottenham,18,3,0,3,0.0,0,0,0,0,0,0,1,0,0.0,0.0,0.0,0.0,0,0,0,0.00,0.00,0.00,0.00,0.00,0.00,0.00,0.00,0.00,0.00,Second Striker,1500000,
Abdoulaye Doucouré,MLI,Everton,30,32,32,2629,29.2,7,1,8,7,0,0,7,0,8.8,8.8,2.9,11.6,55,97,140,0.24,0.03,0.27,0.24,0.27,0.30,0.10,0.40,0.30,0.40,Central Midfield,10000000,12000000.0
Cheick Doucouré,MLI,Crystal Palace,23,11,11,919,10.2,0,0,0,0,0,0,2,0,0.3,0.3,0.7,1.0,9,49,5,0.00,0.00,0.00,0.00,0.00,0.03,0.07,0.10,0.03,0.10,Defensive Midfield,35000000,35000000.0
Alfie Doughty,ENG,Luton Town,23,37,34,2925,32.5,2,8,10,2,0,0,5,0,1.3,1.3,6.3,7.6,94,106,164,0.06,0.25,0.31,0.06,0.31,0.04,0.19,0.23,0.04,0.23,Left Midfield,10000000,2200000.0
Tommy Doyle,ENG,Wolves,21,26,11,1222,13.6,0,0,0,0,0,0,2,0,0.4,0.4,0.4,0.9,21,81,17,0.00,0.00,0.00,0.00,0.00,0.03,0.03,0.06,0.03,0.06,Central Midfield,10000000,7000000.0
Radu Drăgușin,ROU,Tottenham,21,9,4,429,4.8,0,0,0,0,0,0,1,0,0.1,0.1,0.0,0.1,5,8,1,0.00,0.00,0.00,0.00,0.00,0.03,0.00,0.03,0.03,0.03,Centre-Back,25000000,20000000.0
Martin Dúbravka,SVK,Newcastle Utd,34,23,22,1985,22.1,0,0,0,0,0,0,1,0,0.0,0.0,0.1,0.1,0,0,0,0.00,0.00,0.00,0.00,0.00,0.00,0.00,0.00,0.00,0.00,Goalkeeper,1000000,1500000.0
Paul Dummett,WAL,Newcastle Utd,31,5,0,20,0.2,0,0,0,0,0,0,0,0,0.0,0.0,0.0,0.0,1,1,0,0.00,0.00,0.00,0.00,0.00,0.11,0.00,0.11,0.11,0.11,Left-Back,900000,1000000.0
Lewis Dunk,ENG,Brighton,31,33,33,2869,31.9,3,1,4,3,0,0,7,1,3.1,3.1,0.9,4.0,33,152,13,0.09,0.03,0.13,0.09,0.13,0.10,0.03,0.12,0.10,0.12,Centre-Back,12000000,16000000.0
Jhon Durán,COL,Aston Villa,19,23,3,475,5.3,5,0,5,5,0,0,5,0,2.0,2.0,0.3,2.3,9,9,25,0.95,0.00,0.95,0.95,0.95,0.38,0.06,0.44,0.38,0.44,Centre-Forward,20000000,12000000.0
George Earthy,ENG,West Ham,18,3,0,34,0.4,1,0,1,1,0,0,0,0,0.3,0.3,0.0,0.3,0,1,3,2.65,0.00,2.65,2.65,2.65,0.82,0.00,0.82,0.82,0.82,Attacking Midfield,1000000,
Ederson,BRA,Manchester City,29,33,33,2785,30.9,0,0,0,0,0,0,5,0,0.0,0.0,0.1,0.1,0,4,0,0.00,0.00,0.00,0.00,0.00,0.00,0.00,0.00,0.00,0.00,Goalkeeper,35000000,40000000.0
Odsonne Édouard,FRA,Crystal Palace,25,30,17,1555,17.3,7,0,7,7,0,0,4,0,6.2,6.2,1.2,7.4,33,36,100,0.41,0.00,0.41,0.41,0.41,0.36,0.07,0.43,0.36,0.43,Centre-Forward,18000000,15000000.0
John Egan,IRL,Sheffield Utd,30,6,6,482,5.4,0,0,0,0,0,0,2,0,0.2,0.2,0.0,0.2,0,5,1,0.00,0.00,0.00,0.00,0.00,0.03,0.00,0.03,0.03,0.03,Centre-Back,4000000,6000000.0
Hjalmar Ekdal,SWE,Burnley,24,8,5,437,4.9,0,0,0,0,0,0,2,0,0.1,0.1,0.1,0.1,5,11,1,0.00,0.00,0.00,0.00,0.00,0.01,0.01,0.03,0.01,0.03,Centre-Back,7000000,8000000.0
Anthony Elanga,SWE,Nott'ham Forest,21,36,25,2433,27.0,5,9,14,5,0,0,1,0,6.6,6.6,6.7,13.3,98,49,196,0.18,0.33,0.52,0.18,0.52,0.24,0.25,0.49,0.24,0.49,Right Winger,22000000,18000000.0
Harvey Elliott,ENG,Liverpool,20,34,11,1352,15.0,3,6,9,3,0,0,2,0,2.7,2.7,3.5,6.2,44,128,122,0.20,0.40,0.60,0.20,0.60,0.18,0.23,0.42,0.18,0.42,Central Midfield,35000000,35000000.0
Mohamed Elneny,EGY,Arsenal,31,3,0,28,0.3,0,0,0,0,0,0,0,0,0.1,0.1,0.0,0.1,1,1,0,0.00,0.00,0.00,0.00,0.00,0.26,0.00,0.26,0.26,0.26,Defensive Midfield,3500000,6000000.0
Emerson,BRA,Tottenham,24,22,11,1161,12.9,1,0,1,1,0,0,4,0,0.2,0.2,0.4,0.6,21,57,35,0.08,0.00,0.08,0.08,0.08,0.02,0.03,0.05,0.02,0.05,Right-Back,18000000,20000000.0
Julio Enciso,PAR,Brighton,19,12,5,475,5.3,0,2,2,0,0,0,2,0,1.4,1.4,1.7,3.2,28,21,29,0.00,0.38,0.38,0.00,0.38,0.27,0.32,0.59,0.27,0.59,Attacking Midfield,22000000,22000000.0
Wataru Endo,JPN,Liverpool,30,29,20,1722,19.1,1,0,1,1,0,0,10,0,0.5,0.5,1.7,2.3,10,101,21,0.05,0.00,0.05,0.05,0.05,0.03,0.09,0.12,0.03,0.12,Defensive Midfield,13000000,6500000.0
Christian Eriksen,DEN,Manchester Utd,31,22,12,1141,12.7,1,2,3,1,0,0,1,0,1.0,1.0,2.3,3.3,20,68,23,0.08,0.16,0.24,0.08,0.24,0.08,0.18,0.26,0.08,0.26,Central Midfield,8000000,22000000.0
Maxime Estève,FRA,Burnley,21,16,15,1309,14.5,0,0,0,0,0,0,6,0,0.3,0.3,0.0,0.3,15,40,3,0.00,0.00,0.00,0.00,0.00,0.02,0.00,0.02,0.02,0.02,Centre-Back,7000000,7000000.0
Pervis Estupiñán,ECU,Brighton,25,19,15,1243,13.8,2,3,5,2,0,0,4,0,1.0,1.0,3.5,4.4,47,83,88,0.14,0.22,0.36,0.14,0.36,0.07,0.25,0.32,0.07,0.32,Left-Back,30000000,32000000.0
Jonny Evans,NIR,Manchester Utd,35,23,15,1392,15.5,0,1,1,0,0,0,2,0,0.1,0.1,1.2,1.2,7,37,1,0.00,0.06,0.06,0.00,0.06,0.00,0.08,0.08,0.00,0.08,Centre-Back,2000000,2000000.0
Eberechi Eze,ENG,Crystal Palace,25,27,24,2055,22.8,11,4,15,10,1,1,3,0,9.1,8.3,5.2,13.5,68,93,139,0.48,0.18,0.66,0.44,0.61,0.40,0.23,0.62,0.36,0.59,Attacking Midfield,55000000,40000000.0
Łukasz Fabiański,POL,West Ham,38,10,7,721,8.0,0,0,0,0,0,0,0,0,0.0,0.0,0.0,0.0,0,1,0,0.00,0.00,0.00,0.00,0.00,0.00,0.00,0.00,0.00,0.00,Goalkeeper,700000,900000.0
Romain Faivre,FRA,Bournemouth,25,5,0,41,0.5,0,0,0,0,0,0,1,0,0.2,0.2,0.0,0.2,4,5,4,0.00,0.00,0.00,0.00,0.00,0.34,0.00,0.34,0.34,0.34,Right Midfield,15000000,10000000.0
Ansu Fati,ESP,Brighton,20,19,3,521,5.8,2,0,2,2,0,0,2,0,3.4,3.4,0.8,4.2,16,28,50,0.35,0.00,0.35,0.35,0.35,0.59,0.14,0.73,0.59,0.73,Left Winger,25000000,35000000.0
Felipe,BRA,Nott'ham Forest,34,7,4,375,4.2,0,0,0,0,0,0,4,0,0.1,0.1,0.1,0.2,1,6,0,0.00,0.00,0.00,0.00,0.00,0.03,0.01,0.04,0.03,0.04,Centre-Back,1500000,2000000.0
Evan Ferguson,IRL,Brighton,18,27,15,1367,15.2,6,0,6,6,0,0,1,0,4.6,4.6,0.5,5.1,13,15,62,0.40,0.00,0.40,0.40,0.40,0.30,0.04,0.34,0.30,0.34,Centre-Forward,50000000,30000000.0
Bruno Fernandes,POR,Manchester Utd,28,35,35,3118,34.6,10,8,18,6,4,5,9,0,10.0,6.1,11.8,17.8,86,297,182,0.29,0.23,0.52,0.17,0.40,0.29,0.34,0.63,0.18,0.51,Attacking Midfield,70000000,75000000.0
Enzo Fernández,ARG,Chelsea,22,28,26,2209,24.5,3,2,5,2,1,2,7,0,6.2,4.6,3.4,8.0,52,210,54,0.12,0.08,0.20,0.08,0.16,0.25,0.14,0.39,0.19,0.33,Central Midfield,75000000,80000000.0
John Fleck,SCO,Sheffield Utd,31,4,1,92,1.0,0,0,0,0,0,0,1,0,0.0,0.0,0.4,0.4,2,3,0,0.00,0.00,0.00,0.00,0.00,0.00,0.44,0.44,0.00,0.44,Central Midfield,900000,1000000.0
Mark Flekken,NED,Brentford,30,37,37,3285,36.5,0,1,1,0,0,0,3,0,0.0,0.0,0.5,0.5,0,5,0,0.00,0.03,0.03,0.00,0.03,0.00,0.01,0.01,0.00,0.01,Goalkeeper,12000000,10000000.0
Phil Foden,ENG,Manchester City,23,35,33,2857,31.7,19,8,27,19,0,0,2,0,10.3,10.3,8.4,18.7,93,168,269,0.60,0.25,0.85,0.60,0.85,0.33,0.26,0.59,0.33,0.59,Right Winger,150000000,110000000.0
Wes Foderingham,ENG,Sheffield Utd,32,30,29,2649,29.4,0,0,0,0,0,0,2,0,0.0,0.0,0.1,0.1,0,0,0,0.00,0.00,0.00,0.00,0.00,0.00,0.00,0.00,0.00,0.00,Goalkeeper,900000,700000.0
Pablo Fornals,ESP,West Ham,27,15,4,426,4.7,0,0,0,0,0,0,0,0,0.3,0.3,0.3,0.6,4,29,27,0.00,0.00,0.00,0.00,0.00,0.07,0.07,0.13,0.07,0.13,Attacking Midfield,14000000,22000000.0
Omari Forson,ENG,Manchester Utd,19,4,1,70,0.8,0,1,1,0,0,0,0,0,0.0,0.0,0.2,0.2,1,2,2,0.00,1.29,1.29,0.00,1.29,0.04,0.23,0.27,0.04,0.27,Right Winger,2000000,1000000.0
Lyle Foster,RSA,Burnley,22,24,22,1899,21.1,5,3,8,5,0,0,0,1,4.5,4.5,1.9,6.4,55,37,104,0.24,0.14,0.38,0.24,0.38,0.21,0.09,0.30,0.21,0.30,Centre-Forward,13000000,9000000.0
Matheus França,BRA,Crystal Palace,19,10,1,232,2.6,0,1,1,0,0,0,1,0,0.4,0.4,0.9,1.2,12,8,12,0.00,0.39,0.39,0.00,0.39,0.14,0.34,0.48,0.14,0.48,Attacking Midfield,15000000,9000000.0
Nathan Fraser,IRL,Wolves,18,7,1,186,2.1,0,0,0,0,0,0,1,0,0.3,0.3,0.1,0.4,1,2,21,0.00,0.00,0.00,0.00,0.00,0.16,0.04,0.19,0.16,0.19,Centre-Forward,1000000,0.0
Cody Gakpo,NED,Liverpool,24,35,17,1649,18.3,8,5,13,8,0,0,1,0,9.0,9.0,2.9,11.8,43,83,130,0.44,0.27,0.71,0.44,0.71,0.49,0.16,0.64,0.49,0.64,Left Winger,50000000,55000000.0
Conor Gallagher,ENG,Chelsea,23,37,37,3128,34.8,5,7,12,5,0,0,9,1,4.2,4.2,5.0,9.2,62,172,122,0.14,0.20,0.35,0.14,0.35,0.12,0.15,0.27,0.12,0.27,Central Midfield,50000000,32000000.0
Idrissa Gana Gueye,SEN,Everton,33,25,24,1884,20.9,4,0,4,4,0,0,8,0,1.3,1.3,1.1,2.4,29,83,41,0.19,0.00,0.19,0.19,0.19,0.06,0.05,0.12,0.06,0.12,Central Midfield,3000000,5000000.0
Alejandro Garnacho,ARG,Manchester Utd,19,36,30,2565,28.5,7,4,11,7,0,0,4,0,8.4,8.3,5.1,13.4,178,62,281,0.25,0.14,0.39,0.25,0.39,0.29,0.18,0.47,0.29,0.47,Left Winger,45000000,25000000.0
James Garner,ENG,Everton,22,37,34,3004,33.4,1,2,3,1,0,0,7,0,2.7,2.7,4.6,7.3,36,100,76,0.03,0.06,0.09,0.03,0.09,0.08,0.14,0.22,0.08,0.22,Defensive Midfield,22000000,14000000.0
Saman Ghoddos,IRN,Brentford,29,19,7,739,8.2,1,0,1,1,0,0,5,0,0.3,0.3,1.1,1.4,22,36,31,0.12,0.00,0.12,0.12,0.12,0.04,0.13,0.17,0.04,0.17,Attacking Midfield,2000000,2000000.0
Morgan Gibbs-White,ENG,Nott'ham Forest,23,37,35,3156,35.1,5,10,15,4,1,1,9,0,6.9,6.1,8.4,14.6,80,170,181,0.14,0.29,0.43,0.11,0.40,0.20,0.24,0.44,0.17,0.42,Attacking Midfield,40000000,40000000.0
Bryan Gil,ESP,Tottenham,22,11,2,209,2.3,0,0,0,0,0,0,0,0,0.8,0.8,0.2,1.0,11,16,49,0.00,0.00,0.00,0.00,0.00,0.32,0.09,0.41,0.32,0.41,Left Winger,14000000,15000000.0
Alfie Gilchrist,ENG,Chelsea,19,11,2,207,2.3,1,0,1,1,0,0,1,0,0.3,0.3,0.0,0.3,1,7,4,0.43,0.00,0.43,0.43,0.43,0.14,0.00,0.14,0.14,0.14,Centre-Back,5000000,0.0
Billy Gilmour,SCO,Brighton,22,30,24,2120,23.6,0,1,1,0,0,0,8,1,1.0,1.0,2.0,3.0,39,193,33,0.00,0.04,0.04,0.00,0.04,0.04,0.09,0.13,0.04,0.13,Defensive Midfield,18000000,12000000.0
Ben Godfrey,ENG,Everton,25,15,13,1120,12.4,0,0,0,0,0,0,2,0,1.7,1.7,0.3,2.0,11,43,26,0.00,0.00,0.00,0.00,0.00,0.14,0.02,0.16,0.14,0.16,Centre-Back,10000000,13000000.0
André Gomes,POR,Everton,30,12,3,508,5.6,1,0,1,1,0,0,4,0,0.3,0.3,0.4,0.7,8,36,29,0.18,0.00,0.18,0.18,0.18,0.05,0.07,0.13,0.05,0.13,Central Midfield,10000000,16000000.0
João Gomes,BRA,Wolves,22,34,32,2649,29.4,2,1,3,2,0,0,11,0,1.7,1.7,1.1,2.8,28,101,44,0.07,0.03,0.10,0.07,0.10,0.06,0.04,0.10,0.06,0.10,Central Midfield,35000000,18000000.0
Toti Gomes,POR,Wolves,24,35,31,2772,30.8,1,3,4,1,0,0,7,0,1.6,1.6,1.2,2.8,22,79,11,0.03,0.10,0.13,0.03,0.13,0.05,0.04,0.09,0.05,0.09,Centre-Back,20000000,6000000.0
Joe Gomez,ENG,Liverpool,26,32,17,1786,19.8,0,1,1,0,0,0,5,0,0.8,0.8,1.3,2.1,44,100,105,0.00,0.05,0.05,0.00,0.05,0.04,0.07,0.10,0.04,0.10,Centre-Back,28000000,22000000.0
Sergio Gómez,ESP,Manchester City,22,6,0,53,0.6,0,1,1,0,0,0,0,0,0.2,0.2,0.2,0.4,4,2,4,0.00,1.70,1.70,0.00,1.70,0.41,0.31,0.73,0.41,0.73,Right Winger,10000000,13000000.0
Enso Gonzalez,PAR,Wolves,18,1,0,1,0.0,0,0,0,0,0,0,0,0,0.0,0.0,0.0,0.0,0,0,2,0.00,0.00,0.00,0.00,0.00,0.00,0.00,0.00,0.00,0.00,Left Winger,4000000,1900000.0
Anthony Gordon,ENG,Newcastle Utd,22,35,34,2890,32.1,11,10,21,10,1,1,12,1,10.2,9.4,8.0,17.4,138,101,232,0.34,0.31,0.65,0.31,0.62,0.32,0.25,0.57,0.29,0.54,Left Winger,60000000,35000000.0
Kaide Gordon,ENG,Liverpool,18,1,0,1,0.0,0,0,0,0,0,0,0,0,0.0,0.0,0.0,0.0,0,1,0,0.00,0.00,0.00,0.00,0.00,0.00,0.00,0.00,0.00,0.00,Right Winger,1200000,
Daniel Gore,ENG,Manchester Utd,18,1,0,1,0.0,0,0,0,0,0,0,0,0,0.0,0.0,0.0,0.0,0,0,0,0.00,0.00,0.00,0.00,0.00,0.00,0.00,0.00,0.00,0.00,Central Midfield,900000,0.0
Ryan Gravenberch,NED,Liverpool,21,26,12,1121,12.5,1,0,1,1,0,0,0,0,2.0,2.0,0.9,2.9,39,78,71,0.08,0.00,0.08,0.08,0.08,0.16,0.07,0.23,0.16,0.23,Central Midfield,35000000,30000000.0
Ivo Grbić,CRO,Sheffield Utd,27,9,9,771,8.6,0,0,0,0,0,0,1,0,0.0,0.0,0.0,0.0,0,0,0,0.00,0.00,0.00,0.00,0.00,0.00,0.00,0.00,0.00,0.00,Goalkeeper,3500000,3500000.0
Jack Grealish,ENG,Manchester City,27,20,10,1009,11.2,3,1,4,3,0,0,6,0,2.1,2.1,2.5,4.6,87,50,146,0.27,0.09,0.36,0.27,0.36,0.19,0.22,0.41,0.19,0.41,Left Winger,60000000,75000000.0
Pascal Groß,GER,Brighton,32,36,34,3114,34.6,4,10,14,3,1,1,6,0,6.5,5.7,8.1,13.8,83,302,180,0.12,0.29,0.40,0.09,0.38,0.19,0.24,0.42,0.16,0.40,Central Midfield,8000000,8000000.0
Marc Guéhi,ENG,Crystal Palace,23,25,23,2021,22.5,0,1,1,0,0,0,2,0,0.6,0.6,0.6,1.2,15,67,7,0.00,0.04,0.04,0.00,0.04,0.03,0.03,0.05,0.03,0.05,Centre-Back,38000000,35000000.0
Bruno Guimarães,BRA,Newcastle Utd,25,37,37,3263,36.3,7,8,15,7,0,0,9,0,4.8,4.8,6.4,11.2,65,283,73,0.19,0.22,0.41,0.19,0.41,0.13,0.18,0.31,0.13,0.31,Defensive Midfield,85000000,70000000.0
Malo Gusto,FRA,Chelsea,20,27,19,1751,19.5,0,6,6,0,0,0,7,1,0.9,0.9,4.3,5.2,78,86,135,0.00,0.31,0.31,0.00,0.31,0.05,0.22,0.27,0.05,0.27,Right-Back,35000000,25000000.0
Joško Gvardiol,CRO,Manchester City,21,28,26,2328,25.9,4,1,5,4,0,0,3,0,3.1,3.1,1.4,4.5,63,136,115,0.15,0.04,0.19,0.15,0.19,0.12,0.06,0.18,0.12,0.18,Left-Back,75000000,75000000.0
Erling Haaland,NOR,Manchester City,23,31,29,2552,28.4,27,5,32,20,7,8,1,0,29.2,22.9,4.3,27.2,35,26,126,0.95,0.18,1.13,0.71,0.88,1.03,0.15,1.18,0.81,0.96,Centre-Forward,180000000,180000000.0
Antwoine Hackford,ENG,Sheffield Utd,19,2,0,13,0.1,0,0,0,0,0,0,0,0,0.0,0.0,0.0,0.0,0,0,0,0.00,0.00,0.00,0.00,0.00,0.00,0.00,0.00,0.00,0.00,Centre-Forward,500000,
Lewis Hall,ENG,Newcastle Utd,18,18,8,781,8.7,1,0,1,1,0,0,2,0,0.3,0.3,0.3,0.6,19,46,27,0.12,0.00,0.12,0.12,0.12,0.04,0.03,0.07,0.04,0.07,Left-Back,18000000,10000000.0
Gustavo Hamer,NED,Sheffield Utd,26,36,34,2910,32.3,4,6,10,4,0,0,9,0,3.0,3.0,6.1,9.1,36,135,86,0.12,0.19,0.31,0.12,0.31,0.09,0.19,0.28,0.09,0.28,Central Midfield,15000000,8000000.0
Luke Harris,WAL,Fulham,18,1,0,75,0.8,0,0,0,0,0,0,0,0,0.3,0.3,0.0,0.3,0,1,0,0.00,0.00,0.00,0.00,0.00,0.33,0.00,0.33,0.33,0.33,Attacking Midfield,1000000,500000.0
Jack Harrison,ENG,Everton,26,29,25,2214,24.6,3,3,6,3,0,0,1,0,3.6,3.6,3.4,7.0,65,62,135,0.12,0.12,0.24,0.12,0.24,0.14,0.14,0.28,0.14,0.28,Right Winger,18000000,22000000.0
Daiki Hashioka,JPN,Luton Town,24,10,6,595,6.6,0,0,0,0,0,0,0,0,0.1,0.1,0.7,0.8,3,21,16,0.00,0.00,0.00,0.00,0.00,0.02,0.10,0.12,0.02,0.12,Right-Back,2000000,2000000.0
Kai Havertz,GER,Arsenal,24,37,30,2634,29.3,13,7,20,12,1,1,11,0,12.3,11.6,4.4,15.9,55,99,191,0.44,0.24,0.68,0.41,0.65,0.42,0.15,0.57,0.39,0.54,Centre-Forward,70000000,55000000.0
Jan Paul van Hecke,NED,Brighton,23,28,26,2369,26.3,0,0,0,0,0,0,4,0,1.2,1.2,0.9,2.1,25,147,7,0.00,0.00,0.00,0.00,0.00,0.05,0.03,0.08,0.05,0.08,Centre-Back,18000000,5000000.0
Hwang Hee-chan,KOR,Wolves,27,29,25,2119,23.5,12,3,15,11,1,1,6,0,7.7,6.9,3.0,9.9,37,37,120,0.51,0.13,0.64,0.47,0.59,0.33,0.13,0.45,0.29,0.42,Centre-Forward,25000000,12000000.0
Dean Henderson,ENG,Crystal Palace,26,18,18,1620,18.0,0,0,0,0,0,0,2,0,0.0,0.0,0.0,0.0,0,0,0,0.00,0.00,0.00,0.00,0.00,0.00,0.00,0.00,0.00,0.00,Goalkeeper,12000000,18000000.0
Rico Henry,ENG,Brentford,26,5,5,401,4.5,0,1,1,0,0,0,1,0,0.1,0.1,1.0,1.1,13,20,12,0.00,0.22,0.22,0.00,0.22,0.02,0.22,0.24,0.02,0.24,Left-Back,20000000,28000000.0
Son Heung-min,KOR,Tottenham,31,35,34,2934,32.6,17,10,27,15,2,2,1,0,12.0,10.4,11.8,22.2,119,139,325,0.52,0.31,0.83,0.46,0.77,0.37,0.36,0.73,0.32,0.68,Left Winger,45000000,50000000.0
Aaron Hickey,SCO,Brentford,21,9,9,713,7.9,0,0,0,0,0,0,5,0,0.2,0.2,0.1,0.3,9,21,13,0.00,0.00,0.00,0.00,0.00,0.03,0.01,0.04,0.03,0.04,Right-Back,28000000,25000000.0
James Hill,ENG,Bournemouth,21,5,1,76,0.8,0,0,0,0,0,0,0,0,0.0,0.0,0.0,0.0,0,5,1,0.00,0.00,0.00,0.00,0.00,0.00,0.00,0.00,0.00,0.00,Centre-Back,2000000,1000000.0
Jack Hinshelwood,ENG,Brighton,18,12,8,869,9.7,3,0,3,3,0,0,1,0,1.9,1.9,0.7,2.5,16,19,38,0.31,0.00,0.31,0.31,0.31,0.19,0.07,0.26,0.19,0.26,Central Midfield,16000000,0.0
Mason Holgate,ENG,Sheffield Utd,26,10,9,710,7.9,0,0,0,0,0,0,3,1,0.6,0.6,0.4,1.1,0,13,0,0.00,0.00,0.00,0.00,0.00,0.08,0.05,0.13,0.08,0.13,Centre-Back,5000000,9000000.0
Callum Hudson-Odoi,ENG,Nott'ham Forest,22,29,20,1854,20.6,8,1,9,8,0,0,0,0,2.7,2.7,2.8,5.5,111,58,171,0.39,0.05,0.44,0.39,0.44,0.13,0.14,0.27,0.13,0.27,Left Winger,18000000,15000000.0
Will Hughes,ENG,Crystal Palace,28,30,23,1891,21.0,0,1,1,0,0,0,6,0,0.3,0.3,1.1,1.5,14,76,17,0.00,0.05,0.05,0.00,0.05,0.02,0.05,0.07,0.02,0.07,Central Midfield,9000000,5000000.0
Pierre Højbjerg,DEN,Tottenham,27,36,8,1311,14.6,0,0,0,0,0,0,4,0,0.7,0.7,1.2,1.9,17,134,29,0.00,0.00,0.00,0.00,0.00,0.05,0.08,0.13,0.05,0.13,Defensive Midfield,18000000,45000000.0
Rasmus Højlund,DEN,Manchester Utd,20,30,25,2158,24.0,10,2,12,10,0,0,2,0,7.6,7.6,1.6,9.2,36,33,111,0.42,0.08,0.50,0.42,0.50,0.32,0.07,0.38,0.32,0.38,Centre-Forward,65000000,45000000.0
Igor,BRA,Brighton,25,24,17,1637,18.2,0,0,0,0,0,0,4,0,0.3,0.3,0.7,1.0,30,107,12,0.00,0.00,0.00,0.00,0.00,0.02,0.04,0.05,0.02,0.05,Centre-Back,17000000,10000000.0
Danny Ings,ENG,West Ham,31,20,3,404,4.5,1,0,1,1,0,0,1,0,1.3,1.3,0.3,1.5,7,8,29,0.22,0.00,0.22,0.22,0.22,0.28,0.06,0.34,0.28,0.34,Centre-Forward,8000000,12000000.0
Tim Iroegbunam,ENG,Aston Villa,20,9,1,164,1.8,0,0,0,0,0,0,0,0,0.0,0.0,0.0,0.0,3,1,0,0.00,0.00,0.00,0.00,0.00,0.00,0.00,0.00,0.00,0.00,Central Midfield,4000000,5000000.0
Alexander Isak,SWE,Newcastle Utd,23,30,27,2255,25.1,21,2,23,16,5,6,1,0,20.3,15.6,3.7,19.3,68,71,129,0.84,0.08,0.92,0.64,0.72,0.81,0.15,0.96,0.62,0.77,Centre-Forward,75000000,70000000.0
Alex Iwobi,NGA,Everton,27,2,2,140,1.6,0,0,0,0,0,0,0,0,0.3,0.3,0.2,0.5,6,4,8,0.00,0.00,0.00,0.00,0.00,0.21,0.14,0.35,0.21,0.35,Left Winger,25000000,28000000.0
Alex Iwobi,NGA,Fulham,27,30,25,2192,24.4,5,2,7,5,0,0,2,0,5.3,5.3,4.7,10.0,109,147,175,0.21,0.08,0.29,0.21,0.29,0.22,0.19,0.41,0.22,0.41,Left Winger,25000000,28000000.0
Nicolas Jackson,SEN,Chelsea,22,35,31,2799,31.1,14,5,19,14,0,0,10,0,18.6,18.6,4.3,22.9,70,67,200,0.45,0.16,0.61,0.45,0.61,0.60,0.14,0.74,0.60,0.74,Centre-Forward,35000000,30000000.0
Reece James,ENG,Chelsea,23,10,5,419,4.7,0,2,2,0,0,0,2,2,0.3,0.3,1.7,2.1,19,21,35,0.00,0.43,0.43,0.00,0.43,0.07,0.37,0.44,0.07,0.44,Right-Back,40000000,65000000.0
Vitaly Janelt,GER,Brentford,25,38,37,3054,33.9,1,3,4,1,0,0,8,0,1.8,1.8,4.8,6.5,25,123,81,0.03,0.09,0.12,0.03,0.12,0.05,0.14,0.19,0.05,0.19,Defensive Midfield,22000000,20000000.0
Daniel Jebbison,ENG,Sheffield Utd,19,1,0,21,0.2,0,0,0,0,0,0,0,0,0.0,0.0,0.0,0.0,0,0,1,0.00,0.00,0.00,0.00,0.00,0.00,0.00,0.00,0.00,0.00,Centre-Forward,1000000,1000000.0
Mathias Jensen,DEN,Brentford,27,32,27,2204,24.5,3,3,6,3,0,0,5,0,0.7,0.7,4.0,4.7,19,123,66,0.12,0.12,0.25,0.12,0.25,0.03,0.16,0.19,0.03,0.19,Central Midfield,28000000,22000000.0
Gabriel Jesus,BRA,Arsenal,26,27,17,1478,16.4,4,5,9,4,0,0,6,0,6.3,6.3,3.8,10.1,38,42,155,0.24,0.30,0.55,0.24,0.55,0.39,0.23,0.62,0.39,0.62,Centre-Forward,65000000,75000000.0
Raúl Jiménez,MEX,Fulham,32,24,18,1395,15.5,7,0,7,7,0,0,3,1,5.2,5.2,1.5,6.6,11,24,87,0.45,0.00,0.45,0.45,0.45,0.33,0.10,0.43,0.33,0.43,Centre-Forward,5000000,6000000.0
João Pedro,BRA,Brighton,21,31,19,2045,22.7,9,3,12,5,4,5,2,0,11.9,7.9,3.8,11.7,83,92,205,0.40,0.13,0.53,0.22,0.35,0.53,0.17,0.69,0.35,0.51,Centre-Forward,45000000,32000000.0
Joelinton,BRA,Newcastle Utd,26,20,15,1279,14.2,2,1,3,2,0,0,6,0,3.1,3.1,2.8,5.9,29,56,60,0.14,0.07,0.21,0.14,0.21,0.22,0.20,0.41,0.22,0.41,Central Midfield,40000000,42000000.0
Ryan John Giles,ENG,Luton Town,23,11,5,503,5.6,0,0,0,0,0,0,0,0,0.1,0.1,0.2,0.3,9,17,30,0.00,0.00,0.00,0.00,0.00,0.02,0.04,0.06,0.02,0.06,Left-Back,4500000,9000000.0
Ben Johnson,ENG,West Ham,23,14,4,544,6.0,0,0,0,0,0,0,1,0,0.2,0.2,0.0,0.2,17,22,33,0.00,0.00,0.00,0.00,0.00,0.03,0.00,0.03,0.03,0.03,Right-Back,8000000,10000000.0
Brennan Johnson,WAL,Tottenham,22,32,23,2085,23.2,5,10,15,5,0,0,3,0,10.3,10.3,8.1,18.3,97,72,293,0.22,0.43,0.65,0.22,0.65,0.44,0.35,0.79,0.44,0.79,Right Winger,48000000,38000000.0
Brennan Johnson,WAL,Nott'ham Forest,22,3,3,237,2.6,0,0,0,0,0,0,0,0,0.3,0.3,0.2,0.5,8,1,14,0.00,0.00,0.00,0.00,0.00,0.12,0.08,0.21,0.12,0.21,Right Winger,48000000,38000000.0
Joseph Johnson,ENG,Luton Town,17,2,0,77,0.9,0,0,0,0,0,0,1,0,0.0,0.0,0.0,0.0,0,2,1,0.00,0.00,0.00,0.00,0.00,0.00,0.00,0.00,0.00,0.00,Left-Back,100000,0.0
Sam Johnstone,ENG,Crystal Palace,30,20,20,1796,20.0,0,0,0,0,0,0,1,0,0.0,0.0,0.0,0.0,0,0,0,0.00,0.00,0.00,0.00,0.00,0.00,0.00,0.00,0.00,0.00,Goalkeeper,10000000,6000000.0
Curtis Jones,ENG,Liverpool,22,23,14,1167,13.0,1,1,2,1,0,0,3,1,2.6,2.6,0.7,3.3,31,74,88,0.08,0.08,0.15,0.08,0.15,0.20,0.05,0.25,0.20,0.25,Central Midfield,35000000,22000000.0
Jorginho,ITA,Arsenal,31,24,10,921,10.2,0,2,2,0,0,0,1,0,0.1,0.1,1.4,1.5,8,101,8,0.00,0.20,0.20,0.00,0.20,0.01,0.13,0.14,0.01,0.14,Defensive Midfield,12000000,25000000.0
Diogo Jota,POR,Liverpool,26,21,14,1145,12.7,10,3,13,10,0,0,3,1,5.3,5.3,3.3,8.6,54,34,111,0.79,0.24,1.02,0.79,1.02,0.42,0.26,0.68,0.42,0.68,Centre-Forward,50000000,50000000.0
Mads Juel Andersen,DEN,Luton Town,25,8,4,400,4.4,1,0,1,1,0,0,1,0,0.3,0.3,0.0,0.3,0,7,1,0.23,0.00,0.23,0.23,0.23,0.06,0.00,0.06,0.06,0.06,Centre-Back,3000000,2000000.0
Hamed Junior Traorè,CIV,Bournemouth,23,3,0,47,0.5,0,0,0,0,0,0,0,0,0.2,0.2,0.0,0.2,2,3,4,0.00,0.00,0.00,0.00,0.00,0.34,0.07,0.41,0.34,0.41,Attacking Midfield,17000000,22000000.0
Mathias Jørgensen,DEN,Brentford,33,14,12,1087,12.1,1,0,1,1,0,0,4,0,0.7,0.7,0.9,1.7,5,50,4,0.08,0.00,0.08,0.08,0.08,0.06,0.08,0.14,0.06,0.14,Centre-Back,1000000,1500000.0
Issa Kaboré,BFA,Luton Town,22,24,21,1729,19.2,0,2,2,0,0,0,7,0,0.2,0.2,2.1,2.3,60,54,85,0.00,0.10,0.10,0.00,0.10,0.01,0.11,0.12,0.01,0.12,Right-Back,10000000,10000000.0
Sasa Kalajdzic,AUT,Wolves,26,11,1,166,1.8,2,0,2,2,0,0,0,0,1.1,1.1,1.0,2.0,1,5,9,1.08,0.00,1.08,1.08,1.08,0.57,0.52,1.09,0.57,1.09,Centre-Forward,5000000,15000000.0
Boubacar Kamara,FRA,Aston Villa,23,20,20,1652,18.4,0,1,1,0,0,0,7,1,0.1,0.1,1.3,1.4,19,83,10,0.00,0.05,0.05,0.00,0.05,0.01,0.07,0.08,0.01,0.08,Defensive Midfield,38000000,30000000.0
Willy Kambwala,FRA,Manchester Utd,18,8,3,330,3.7,0,0,0,0,0,0,1,0,0.0,0.0,0.0,0.0,2,8,1,0.00,0.00,0.00,0.00,0.00,0.00,0.00,0.00,0.00,0.00,Centre-Back,5000000,2000000.0
Thomas Kaminski,BEL,Luton Town,30,38,38,3405,37.8,0,0,0,0,0,0,3,0,0.0,0.0,0.0,0.0,0,1,0,0.00,0.00,0.00,0.00,0.00,0.00,0.00,0.00,0.00,0.00,Goalkeeper,3000000,2200000.0
Loris Karius,GER,Newcastle Utd,30,1,1,90,1.0,0,0,0,0,0,0,0,0,0.0,0.0,0.0,0.0,0,0,0,0.00,0.00,0.00,0.00,0.00,0.00,0.00,0.00,0.00,0.00,Goalkeeper,1000000,1200000.0
Michael Keane,ENG,Everton,30,9,4,439,4.9,1,0,1,1,0,0,2,0,0.7,0.7,0.0,0.7,4,14,3,0.21,0.00,0.21,0.21,0.21,0.14,0.00,0.14,0.14,0.14,Centre-Back,6000000,10000000.0
Thilo Kehrer,GER,West Ham,26,4,0,22,0.2,0,0,0,0,0,0,2,0,0.0,0.0,0.0,0.0,0,1,1,0.00,0.00,0.00,0.00,0.00,0.00,0.00,0.00,0.00,0.00,Centre-Back,10000000,18000000.0
Caoimhín Kelleher,IRL,Liverpool,24,10,10,900,10.0,0,0,0,0,0,0,0,0,0.0,0.0,0.0,0.0,0,1,0,0.00,0.00,0.00,0.00,0.00,0.00,0.00,0.00,0.00,0.00,Goalkeeper,20000000,12000000.0
Lloyd Kelly,ENG,Bournemouth,24,23,17,1559,17.3,0,1,1,0,0,0,2,0,0.3,0.3,1.2,1.6,15,56,28,0.00,0.06,0.06,0.00,0.06,0.02,0.07,0.09,0.02,0.09,Centre-Back,18000000,18000000.0
Omari Kellyman,ENG,Aston Villa,17,2,0,37,0.4,0,0,0,0,0,0,0,0,0.1,0.1,0.0,0.1,1,0,0,0.00,0.00,0.00,0.00,0.00,0.17,0.00,0.17,0.17,0.17,Attacking Midfield,1000000,
Milos Kerkez,HUN,Bournemouth,19,28,22,1970,21.9,0,1,1,0,0,0,4,1,1.2,1.2,0.8,2.0,46,44,93,0.00,0.05,0.05,0.00,0.05,0.06,0.04,0.09,0.06,0.09,Left-Back,20000000,15000000.0
Kaine Kesler-Hayden,ENG,Aston Villa,20,3,0,6,0.1,0,0,0,0,0,0,0,0,0.0,0.0,0.0,0.0,0,0,0,0.00,0.00,0.00,0.00,0.00,0.00,0.00,0.00,0.00,0.00,Right-Back,2200000,2200000.0
Max Kilman,ENG,Wolves,26,38,38,3420,38.0,2,0,2,2,0,0,7,0,1.8,1.8,1.4,3.2,22,117,5,0.05,0.00,0.05,0.05,0.05,0.05,0.04,0.08,0.05,0.08,Centre-Back,32000000,30000000.0
Jakub Kiwior,POL,Arsenal,23,20,11,946,10.5,1,3,4,1,0,0,1,0,0.8,0.8,0.9,1.7,4,55,16,0.10,0.29,0.38,0.10,0.38,0.08,0.09,0.16,0.08,0.16,Centre-Back,30000000,25000000.0
Justin Kluivert,NED,Bournemouth,24,32,26,1916,21.3,7,1,8,7,0,0,5,0,6.2,6.2,1.9,8.1,65,50,114,0.33,0.05,0.38,0.33,0.38,0.29,0.09,0.38,0.29,0.38,Left Winger,14000000,14000000.0
Luca Koleosho,ITA,Burnley,18,15,13,974,10.8,1,1,2,1,0,0,0,0,2.0,2.0,1.3,3.3,53,19,82,0.09,0.09,0.18,0.09,0.18,0.18,0.12,0.30,0.18,0.30,Right Winger,7000000,1000000.0
Ibrahima Konaté,FRA,Liverpool,24,22,17,1574,17.5,0,0,0,0,0,0,5,1,0.7,0.7,0.4,1.1,24,118,3,0.00,0.00,0.00,0.00,0.00,0.04,0.02,0.06,0.04,0.06,Centre-Back,45000000,38000000.0
Ezri Konsa,ENG,Aston Villa,25,35,35,3069,34.1,1,0,1,1,0,0,5,0,2.5,2.5,0.5,3.0,37,136,33,0.03,0.00,0.03,0.03,0.03,0.07,0.02,0.09,0.07,0.09,Centre-Back,35000000,25000000.0
Cheikhou Kouyaté,SEN,Nott'ham Forest,33,12,2,212,2.4,0,0,0,0,0,0,2,0,0.3,0.3,0.0,0.3,0,5,5,0.00,0.00,0.00,0.00,0.00,0.12,0.02,0.14,0.12,0.14,Defensive Midfield,1000000,2000000.0
Mateo Kovačić,CRO,Manchester City,29,30,16,1551,17.2,1,0,1,1,0,0,4,0,1.3,1.3,1.6,2.9,37,100,38,0.06,0.00,0.06,0.06,0.06,0.07,0.09,0.17,0.07,0.17,Central Midfield,30000000,38000000.0
Emil Krafth,SWE,Newcastle Utd,28,17,8,913,10.1,0,0,0,0,0,0,2,0,0.2,0.2,1.0,1.2,12,29,33,0.00,0.00,0.00,0.00,0.00,0.02,0.10,0.12,0.02,0.12,Right-Back,2500000,3000000.0
Mohammed Kudus,GHA,West Ham,22,33,27,2484,27.6,8,6,14,8,0,0,6,0,5.1,5.1,3.5,8.6,117,80,216,0.29,0.22,0.51,0.29,0.51,0.19,0.13,0.31,0.19,0.31,Right Winger,50000000,40000000.0
Dejan Kulusevski,SWE,Tottenham,23,36,31,2762,30.7,8,3,11,8,0,0,7,0,4.7,4.7,7.7,12.4,151,144,388,0.26,0.10,0.36,0.26,0.36,0.15,0.25,0.40,0.15,0.40,Attacking Midfield,55000000,50000000.0
Adam Lallana,ENG,Brighton,35,25,13,850,9.4,0,1,1,0,0,0,2,0,0.8,0.8,1.7,2.5,9,39,55,0.00,0.11,0.11,0.00,0.11,0.09,0.18,0.27,0.09,0.27,Attacking Midfield,1000000,1200000.0
Tariq Lamptey,GHA,Brighton,22,19,10,914,10.2,0,3,3,0,0,0,3,0,0.4,0.4,1.2,1.7,39,17,64,0.00,0.30,0.30,0.00,0.30,0.04,0.12,0.16,0.04,0.16,Right-Back,12000000,12000000.0
Aymeric Laporte,ESP,Manchester City,29,1,0,12,0.1,0,0,0,0,0,0,0,0,0.0,0.0,0.0,0.0,0,0,0,0.00,0.00,0.00,0.00,0.00,0.27,0.00,0.27,0.27,0.27,Centre-Back,20000000,25000000.0
Yasser Larouci,ALG,Sheffield Utd,22,11,6,531,5.9,0,0,0,0,0,0,1,0,0.2,0.2,0.3,0.5,18,14,12,0.00,0.00,0.00,0.00,0.00,0.04,0.05,0.09,0.04,0.09,Left-Back,3000000,3500000.0
Jamaal Lascelles,ENG,Newcastle Utd,29,16,13,1080,12.0,1,0,1,1,0,0,4,0,0.7,0.7,0.1,0.8,8,31,3,0.08,0.00,0.08,0.08,0.08,0.06,0.01,0.07,0.06,0.07,Centre-Back,7000000,4500000.0
Roméo Lavia,BEL,Chelsea,19,1,0,33,0.4,0,0,0,0,0,0,0,0,0.0,0.0,0.0,0.0,0,1,0,0.00,0.00,0.00,0.00,0.00,0.00,0.00,0.00,0.00,0.00,Defensive Midfield,35000000,32000000.0
Mario Lemina,GAB,Wolves,29,35,34,2968,33.0,4,1,5,4,0,0,12,1,4.6,4.6,1.5,6.2,32,76,49,0.12,0.03,0.15,0.12,0.15,0.14,0.05,0.19,0.14,0.19,Defensive Midfield,10000000,10000000.0
Clément Lenglet,FRA,Aston Villa,28,14,14,1153,12.8,0,1,1,0,0,0,3,0,0.9,0.9,0.8,1.6,26,51,1,0.00,0.08,0.08,0.00,0.08,0.07,0.06,0.13,0.07,0.13,Centre-Back,10000000,10000000.0
Bernd Leno,GER,Fulham,31,38,38,3420,38.0,0,0,0,0,0,0,3,0,0.0,0.0,0.0,0.0,0,0,0,0.00,0.00,0.00,0.00,0.00,0.00,0.00,0.00,0.00,0.00,Goalkeeper,13000000,12000000.0
Jefferson Lerma,COL,Crystal Palace,28,28,27,2400,26.7,1,1,2,1,0,0,8,0,2.7,2.7,2.2,4.8,14,106,51,0.04,0.04,0.07,0.04,0.07,0.10,0.08,0.18,0.10,0.18,Defensive Midfield,20000000,20000000.0
Rico Lewis,ENG,Manchester City,18,16,8,809,9.0,2,0,2,2,0,0,1,0,0.6,0.6,1.1,1.8,21,33,46,0.22,0.00,0.22,0.22,0.22,0.07,0.12,0.19,0.07,0.19,Right-Back,38000000,20000000.0
Keane Lewis-Potter,ENG,Brentford,22,30,15,1441,16.0,3,1,4,3,0,0,0,0,6.3,6.3,1.7,8.0,56,32,135,0.19,0.06,0.25,0.19,0.25,0.39,0.11,0.50,0.39,0.50,Left Winger,15000000,12000000.0
Victor Lindelöf,SWE,Manchester Utd,29,19,14,1328,14.8,1,1,2,1,0,0,2,0,0.8,0.8,0.3,1.1,17,40,17,0.07,0.07,0.14,0.07,0.14,0.05,0.02,0.07,0.05,0.07,Centre-Back,15000000,18000000.0
Valentino Livramento,ENG,Newcastle Utd,20,26,12,1314,14.6,1,0,1,1,0,0,1,0,0.4,0.4,0.8,1.2,44,61,76,0.07,0.00,0.07,0.07,0.07,0.03,0.05,0.08,0.03,0.08,Right-Back,35000000,25000000.0
Giovani Lo Celso,ARG,Tottenham,27,22,4,506,5.6,2,2,4,2,0,0,2,0,0.6,0.6,1.9,2.5,25,68,29,0.36,0.36,0.71,0.36,0.71,0.10,0.34,0.45,0.10,0.45,Central Midfield,16000000,14000000.0
Tom Lockyer,WAL,Luton Town,28,14,14,1169,13.0,1,1,2,1,0,0,4,0,1.1,1.1,0.6,1.7,6,37,2,0.08,0.08,0.15,0.08,0.15,0.08,0.05,0.13,0.08,0.13,Centre-Back,2500000,3000000.0
Sean Longstaff,ENG,Newcastle Utd,25,35,30,2747,30.5,6,2,8,6,0,0,7,0,6.6,6.6,2.3,8.8,24,145,116,0.20,0.07,0.26,0.20,0.26,0.22,0.07,0.29,0.22,0.29,Central Midfield,25000000,25000000.0
Max Lowe,ENG,Sheffield Utd,26,10,4,503,5.6,0,0,0,0,0,0,1,0,0.6,0.6,0.7,1.3,5,12,11,0.00,0.00,0.00,0.00,0.00,0.10,0.13,0.23,0.10,0.23,Left-Back,2500000,3000000.0
Douglas Luiz,BRA,Aston Villa,25,35,35,2993,33.3,9,5,14,5,4,4,12,0,6.9,3.8,5.4,9.2,60,168,50,0.27,0.15,0.42,0.15,0.30,0.21,0.16,0.37,0.11,0.28,Central Midfield,70000000,40000000.0
Saša Lukić,SRB,Fulham,26,24,13,1122,12.5,1,0,1,1,0,0,3,0,1.6,1.6,0.8,2.4,12,43,27,0.08,0.00,0.08,0.08,0.08,0.13,0.06,0.19,0.13,0.19,Central Midfield,10000000,12000000.0
Ian Maatsen,NED,Chelsea,21,12,1,209,2.3,0,0,0,0,0,0,1,0,0.8,0.8,0.1,0.9,9,8,15,0.00,0.00,0.00,0.00,0.00,0.35,0.04,0.39,0.35,0.39,Left-Back,40000000,12000000.0
Alexis Mac Allister,ARG,Liverpool,24,33,31,2599,28.9,5,5,10,4,1,1,7,1,3.7,2.9,3.6,6.4,44,209,48,0.17,0.17,0.35,0.14,0.31,0.13,0.12,0.25,0.10,0.22,Central Midfield,75000000,65000000.0
James Maddison,ENG,Tottenham,26,28,26,2135,23.7,4,9,13,4,0,0,5,0,6.4,6.4,5.9,12.4,58,224,156,0.17,0.38,0.55,0.17,0.55,0.27,0.25,0.52,0.27,0.52,Attacking Midfield,70000000,60000000.0
Noni Madueke,ENG,Chelsea,21,23,13,1053,11.7,5,2,7,4,1,1,2,0,2.5,1.7,2.6,4.3,76,52,136,0.43,0.17,0.60,0.34,0.51,0.21,0.23,0.44,0.14,0.37,Right Winger,28000000,30000000.0
Gabriel Magalhães,BRA,Arsenal,25,36,34,3044,33.8,4,0,4,4,0,0,4,0,4.3,4.3,0.7,5.0,13,117,8,0.12,0.00,0.12,0.12,0.12,0.13,0.02,0.15,0.13,0.15,Centre-Back,70000000,55000000.0
Harry Maguire,ENG,Manchester Utd,30,22,18,1653,18.4,2,2,4,2,0,0,4,0,2.0,2.0,1.2,3.3,20,73,2,0.11,0.11,0.22,0.11,0.22,0.11,0.07,0.18,0.11,0.18,Centre-Back,18000000,20000000.0
Kobbie Mainoo,ENG,Manchester Utd,18,24,24,1924,21.4,3,1,4,3,0,0,3,0,0.9,0.9,0.7,1.6,25,64,36,0.14,0.05,0.19,0.14,0.19,0.04,0.03,0.07,0.04,0.07,Central Midfield,50000000,800000.0
Orel Mangala,BEL,Nott'ham Forest,25,20,19,1563,17.4,1,0,1,1,0,0,6,0,0.8,0.8,0.2,1.1,13,45,14,0.06,0.00,0.06,0.06,0.06,0.05,0.01,0.06,0.05,0.06,Defensive Midfield,20000000,16000000.0
Benson Manuel,ANG,Burnley,26,8,1,116,1.3,0,0,0,0,0,0,0,0,0.1,0.1,0.0,0.1,5,2,14,0.00,0.00,0.00,0.00,0.00,0.05,0.03,0.08,0.05,0.08,Right Winger,5000000,7000000.0
Solly March,ENG,Brighton,29,7,7,554,6.2,3,1,4,3,0,0,1,0,2.0,2.0,1.0,2.9,14,24,44,0.49,0.16,0.65,0.49,0.65,0.32,0.16,0.47,0.32,0.47,Right Winger,18000000,22000000.0
Anthony Martial,FRA,Manchester Utd,27,13,5,448,5.0,1,0,1,1,0,0,0,0,1.2,1.2,0.2,1.5,6,12,36,0.20,0.00,0.20,0.20,0.20,0.25,0.05,0.29,0.25,0.29,Centre-Forward,10000000,15000000.0
Gabriel Martinelli,BRA,Arsenal,22,35,24,2019,22.4,6,4,10,6,0,0,1,0,6.8,6.8,6.1,12.9,127,65,345,0.27,0.18,0.45,0.27,0.45,0.31,0.27,0.58,0.31,0.58,Left Winger,70000000,80000000.0
Emiliano Martínez,ARG,Aston Villa,30,34,34,3015,33.5,0,0,0,0,0,0,4,0,0.0,0.0,0.0,0.0,0,2,0,0.00,0.00,0.00,0.00,0.00,0.00,0.00,0.00,0.00,0.00,Goalkeeper,28000000,28000000.0
Lisandro Martínez,ARG,Manchester Utd,25,11,8,646,7.2,0,1,1,0,0,0,3,0,0.0,0.0,0.1,0.1,8,28,1,0.00,0.14,0.14,0.00,0.14,0.00,0.01,0.01,0.00,0.01,Centre-Back,45000000,50000000.0
Han-Noah Massengo,FRA,Burnley,22,3,0,16,0.2,0,0,0,0,0,0,0,0,0.0,0.0,0.0,0.0,2,0,0,0.00,0.00,0.00,0.00,0.00,0.00,0.00,0.00,0.00,0.00,Defensive Midfield,4000000,5000000.0
Pape Matar Sarr,SEN,Tottenham,20,34,27,2069,23.0,3,3,6,3,0,0,9,0,3.4,3.4,2.2,5.7,43,150,90,0.13,0.13,0.26,0.13,0.26,0.15,0.10,0.25,0.15,0.25,Central Midfield,45000000,15000000.0
Jean-Philippe Mateta,FRA,Crystal Palace,26,35,25,2282,25.4,16,5,21,14,2,2,3,0,10.9,9.4,3.1,12.5,29,25,135,0.63,0.20,0.83,0.55,0.75,0.43,0.12,0.56,0.37,0.49,Centre-Forward,20000000,7000000.0
Joël Matip,CMR,Liverpool,31,10,9,781,8.7,0,0,0,0,0,0,2,0,0.5,0.5,0.1,0.6,8,34,1,0.00,0.00,0.00,0.00,0.00,0.06,0.01,0.06,0.06,0.06,Centre-Back,8000000,12000000.0
Alex Matos,ENG,Chelsea,18,1,0,1,0.0,0,0,0,0,0,0,0,0,0.0,0.0,0.0,0.0,0,0,0,0.00,0.00,0.00,0.00,0.00,0.00,0.00,0.00,0.00,0.00,Central Midfield,1200000,
Remi Matthews,ENG,Crystal Palace,29,1,0,4,0.0,0,0,0,0,0,0,0,0,0.0,0.0,0.0,0.0,0,0,0,0.00,0.00,0.00,0.00,0.00,0.00,0.00,0.00,0.00,0.00,Goalkeeper,500000,350000.0
Neal Maupay,FRA,Brentford,26,29,13,1321,14.7,6,3,9,6,0,0,8,0,5.7,5.7,2.3,8.1,21,37,91,0.41,0.20,0.61,0.41,0.61,0.39,0.16,0.55,0.39,0.55,Centre-Forward,12000000,10000000.0
Neal Maupay,FRA,Everton,26,2,1,111,1.2,0,0,0,0,0,0,0,0,1.4,1.4,0.1,1.5,1,0,6,0.00,0.00,0.00,0.00,0.00,1.16,0.05,1.22,1.16,1.22,Centre-Forward,12000000,10000000.0
Konstantinos Mavropanos,GRE,West Ham,25,19,16,1500,16.7,1,0,1,1,0,0,2,0,1.2,1.2,0.2,1.4,10,38,2,0.06,0.00,0.06,0.06,0.06,0.07,0.01,0.08,0.07,0.08,Centre-Back,20000000,15000000.0
Bryan Mbeumo,CMR,Brentford,23,25,22,1960,21.8,9,6,15,6,3,3,2,0,9.8,7.4,4.6,12.1,74,88,195,0.41,0.28,0.69,0.28,0.55,0.45,0.21,0.66,0.34,0.55,Right Winger,40000000,35000000.0
James Mcatee,ENG,Sheffield Utd,20,30,20,1822,20.2,3,3,6,2,1,1,2,0,3.1,2.3,2.9,5.2,55,51,110,0.15,0.15,0.30,0.10,0.25,0.15,0.15,0.30,0.11,0.26,Attacking Midfield,12000000,12000000.0
James Mcatee,ENG,Manchester City,20,1,0,1,0.0,0,0,0,0,0,0,0,0,0.0,0.0,0.0,0.0,0,0,0,0.00,0.00,0.00,0.00,0.00,0.00,0.00,0.00,0.00,0.00,Attacking Midfield,12000000,12000000.0
Oliver McBurnie,SCO,Sheffield Utd,27,21,15,1280,14.2,6,3,9,4,2,2,7,2,6.9,5.3,2.0,7.3,6,30,60,0.42,0.21,0.63,0.28,0.49,0.48,0.14,0.62,0.37,0.51,Centre-Forward,4500000,5000000.0
James McConnell,ENG,Liverpool,18,3,0,4,0.0,0,0,0,0,0,0,0,0,0.0,0.0,0.0,0.0,0,1,0,0.00,0.00,0.00,0.00,0.00,0.00,0.00,0.00,0.00,0.00,Central Midfield,500000,
John McGinn,SCO,Aston Villa,28,35,35,2999,33.3,6,4,10,6,0,0,9,1,5.0,5.0,4.6,9.6,59,189,84,0.18,0.12,0.30,0.18,0.30,0.15,0.14,0.29,0.15,0.29,Central Midfield,30000000,27000000.0
Scott McKenna,SCO,Nott'ham Forest,26,5,5,416,4.6,0,0,0,0,0,0,0,0,0.2,0.2,0.2,0.4,1,10,0,0.00,0.00,0.00,0.00,0.00,0.05,0.04,0.08,0.05,0.08,Centre-Back,9000000,10000000.0
Dwight McNeil,ENG,Everton,23,35,33,2892,32.1,3,6,9,3,0,0,2,0,3.4,3.4,8.8,12.2,80,114,147,0.09,0.19,0.28,0.09,0.28,0.11,0.27,0.38,0.11,0.38,Left Winger,22000000,20000000.0
Scott McTominay,SCO,Manchester Utd,26,32,18,1901,21.1,7,1,8,7,0,0,2,0,5.7,5.7,0.8,6.6,29,64,47,0.33,0.05,0.38,0.33,0.38,0.27,0.04,0.31,0.27,0.31,Central Midfield,32000000,25000000.0
Ben Mee,ENG,Brentford,33,16,15,1272,14.1,2,0,2,2,0,0,1,1,1.5,1.5,0.3,1.8,11,49,9,0.14,0.00,0.14,0.14,0.14,0.10,0.02,0.13,0.10,0.13,Centre-Back,1000000,2000000.0
Hannibal Mejbri,TUN,Manchester Utd,20,5,1,133,1.5,1,0,1,1,0,0,1,0,0.0,0.0,0.4,0.4,2,6,10,0.68,0.00,0.68,0.68,0.68,0.02,0.25,0.27,0.02,0.27,Attacking Midfield,9000000,8000000.0
Teden Mengi,ENG,Luton Town,21,30,28,2469,27.4,1,0,1,1,0,0,3,0,0.6,0.6,0.3,0.9,15,54,1,0.04,0.00,0.04,0.04,0.04,0.02,0.01,0.03,0.02,0.03,Centre-Back,12000000,2000000.0
Chris Mepham,WAL,Bournemouth,25,10,6,617,6.9,0,1,1,0,0,0,2,0,0.1,0.1,0.4,0.5,4,25,1,0.00,0.15,0.15,0.00,0.15,0.01,0.06,0.07,0.01,0.07,Centre-Back,6000000,8000000.0
Lewis Miley,ENG,Newcastle Utd,17,17,14,1202,13.4,1,3,4,1,0,0,1,0,1.2,1.2,1.7,2.9,14,53,54,0.07,0.22,0.30,0.07,0.30,0.09,0.13,0.22,0.09,0.22,Central Midfield,22000000,0.0
James Milner,ENG,Brighton,37,15,11,773,8.6,0,2,2,0,0,0,3,0,0.3,0.3,1.8,2.0,11,69,73,0.00,0.23,0.23,0.00,0.23,0.03,0.21,0.24,0.03,0.24,Central Midfield,1000000,1500000.0
Tyrone Mings,ENG,Aston Villa,30,1,1,30,0.3,0,0,0,0,0,0,0,0,0.0,0.0,0.0,0.0,0,0,0,0.00,0.00,0.00,0.00,0.00,0.02,0.07,0.09,0.02,0.09,Centre-Back,13000000,22000000.0
Tyrick Mitchell,ENG,Crystal Palace,23,37,37,3204,35.6,2,3,5,2,0,0,6,0,1.6,1.6,2.8,4.4,32,94,159,0.06,0.08,0.14,0.06,0.14,0.04,0.08,0.12,0.04,0.12,Left-Back,25000000,22000000.0
Kaoru Mitoma,JPN,Brighton,26,19,15,1486,16.5,3,4,7,3,0,0,4,0,3.5,3.5,2.7,6.2,121,64,239,0.18,0.24,0.42,0.18,0.42,0.21,0.16,0.37,0.21,0.37,Left Winger,45000000,32000000.0
Aleksandar Mitrović,SRB,Fulham,28,1,0,33,0.4,0,0,0,0,0,0,0,0,0.2,0.2,0.0,0.2,0,1,0,0.00,0.00,0.00,0.00,0.00,0.44,0.00,0.44,0.44,0.44,Centre-Forward,28000000,28000000.0
Jakub Moder,POL,Brighton,24,17,6,618,6.9,0,0,0,0,0,0,2,0,0.6,0.6,0.8,1.3,10,23,26,0.00,0.00,0.00,0.00,0.00,0.08,0.11,0.20,0.08,0.20,Central Midfield,10000000,10000000.0
Gonzalo Montiel,ARG,Nott'ham Forest,26,14,8,801,8.9,0,2,2,0,0,0,5,0,0.1,0.1,1.4,1.5,10,28,32,0.00,0.22,0.22,0.00,0.22,0.01,0.15,0.17,0.01,0.17,Right-Back,10000000,12000000.0
Kieffer Moore,WAL,Bournemouth,30,8,0,108,1.2,1,0,1,1,0,0,0,0,1.5,1.5,0.2,1.7,2,4,15,0.83,0.00,0.83,0.83,0.83,1.23,0.20,1.44,1.23,1.44,Centre-Forward,2000000,4000000.0
Mikey Moore,ENG,Tottenham,15,2,0,4,0.0,0,0,0,0,0,0,0,0,0.0,0.0,0.0,0.0,2,1,2,0.00,0.00,0.00,0.00,0.00,0.00,0.00,0.00,0.00,0.00,Left Winger,0,
Álex Moreno,ESP,Aston Villa,30,21,11,1031,11.5,2,0,2,2,0,0,2,0,1.1,1.1,1.1,2.3,32,24,83,0.17,0.00,0.17,0.17,0.17,0.10,0.10,0.20,0.10,0.20,Left-Back,13000000,15000000.0
Carlton Morris,ENG,Luton Town,27,38,32,2862,31.8,11,4,15,6,5,5,4,0,11.4,7.5,2.8,10.2,37,56,120,0.35,0.13,0.47,0.19,0.31,0.36,0.09,0.45,0.23,0.32,Centre-Forward,13000000,6000000.0
Mason Mount,ENG,Manchester Utd,24,14,5,516,5.7,1,0,1,1,0,0,2,0,0.4,0.4,0.3,0.7,9,21,34,0.17,0.00,0.17,0.17,0.17,0.07,0.06,0.13,0.07,0.13,Attacking Midfield,35000000,60000000.0
Divin Mubama,ENG,West Ham,18,5,0,80,0.9,0,0,0,0,0,0,0,0,0.1,0.1,0.0,0.1,0,0,5,0.00,0.00,0.00,0.00,0.00,0.17,0.00,0.17,0.17,0.17,Centre-Forward,1000000,250000.0
Mykhailo Mudryk,UKR,Chelsea,22,31,18,1576,17.5,5,2,7,5,0,0,5,0,4.4,4.4,4.1,8.5,92,45,139,0.29,0.11,0.40,0.29,0.40,0.25,0.23,0.48,0.25,0.48,Left Winger,35000000,50000000.0
Rodrigo Muniz,BRA,Fulham,22,26,18,1593,17.7,9,1,10,9,0,0,1,0,8.7,8.7,2.0,10.7,8,19,76,0.51,0.06,0.56,0.51,0.56,0.49,0.12,0.61,0.49,0.61,Centre-Forward,20000000,5000000.0
Daniel Muñoz,COL,Crystal Palace,27,16,16,1439,16.0,0,4,4,0,0,0,4,0,1.2,1.2,2.4,3.7,25,38,80,0.00,0.25,0.25,0.00,0.25,0.08,0.15,0.23,0.08,0.23,Right-Back,18000000,10000000.0
Finley Munroe,ENG,Aston Villa,18,1,0,4,0.0,0,0,0,0,0,0,0,0,0.0,0.0,0.0,0.0,0,0,0,0.00,0.00,0.00,0.00,0.00,0.00,0.00,0.00,0.00,0.00,Centre-Back,100000,
Arijanet Muric,KVX,Burnley,24,10,10,900,10.0,0,0,0,0,0,0,0,0,0.0,0.0,0.2,0.2,0,1,0,0.00,0.00,0.00,0.00,0.00,0.00,0.02,0.02,0.00,0.02,Goalkeeper,7000000,12000000.0
Murillo,BRA,Nott'ham Forest,21,32,32,2789,31.0,0,2,2,0,0,0,5,0,1.8,1.8,1.2,3.0,22,89,7,0.00,0.06,0.06,0.00,0.06,0.06,0.04,0.10,0.06,0.10,Centre-Back,35000000,3500000.0
Alex Murphy,IRL,Newcastle Utd,19,2,0,13,0.1,0,0,0,0,0,0,0,0,0.0,0.0,0.0,0.0,0,1,0,0.00,0.00,0.00,0.00,0.00,0.00,0.00,0.00,0.00,0.00,Left-Back,250000,
Jacob Murphy,ENG,Newcastle Utd,28,21,14,1189,13.2,3,7,10,3,0,0,1,0,2.1,2.1,5.0,7.1,33,52,113,0.23,0.53,0.76,0.23,0.76,0.16,0.37,0.54,0.16,0.54,Right Winger,15000000,15000000.0
Vitaliy Mykolenko,UKR,Everton,24,28,28,2469,27.4,2,0,2,2,0,0,1,0,1.5,1.5,0.9,2.4,14,55,68,0.07,0.00,0.07,0.07,0.07,0.06,0.03,0.09,0.06,0.09,Left-Back,28000000,25000000.0
Marvelous Nakamba,ZIM,Luton Town,29,13,13,1130,12.6,0,0,0,0,0,0,5,0,0.2,0.2,0.4,0.6,1,36,5,0.00,0.00,0.00,0.00,0.00,0.01,0.03,0.05,0.01,0.05,Defensive Midfield,5000000,4000000.0
Michael Ndiweni,ENG,Newcastle Utd,19,1,0,1,0.0,0,0,0,0,0,0,0,0,0.0,0.0,0.0,0.0,0,0,0,0.00,0.00,0.00,0.00,0.00,0.00,0.00,0.00,0.00,0.00,Centre-Forward,0,
Reiss Nelson,ENG,Arsenal,23,15,1,268,3.0,0,0,0,0,0,0,1,0,0.2,0.2,0.6,0.8,9,5,26,0.00,0.00,0.00,0.00,0.00,0.07,0.20,0.27,0.07,0.27,Right Winger,15000000,12000000.0
Zack Nelson,ENG,Luton Town,18,2,0,7,0.1,0,0,0,0,0,0,0,0,0.0,0.0,0.0,0.0,0,0,0,0.00,0.00,0.00,0.00,0.00,0.00,0.00,0.00,0.00,0.00,Attacking Midfield,100000,0.0
Neto,BRA,Bournemouth,34,32,32,2880,32.0,0,0,0,0,0,0,5,0,0.0,0.0,0.0,0.0,0,0,0,0.00,0.00,0.00,0.00,0.00,0.00,0.00,0.00,0.00,0.00,Goalkeeper,2500000,2500000.0
Pedro Neto,POR,Wolves,23,20,18,1516,16.8,2,9,11,2,0,0,4,0,3.5,3.5,4.4,7.9,98,54,149,0.12,0.53,0.65,0.12,0.65,0.21,0.26,0.47,0.21,0.47,Right Winger,55000000,28000000.0
Moussa Niakhate,SEN,Nott'ham Forest,27,21,15,1460,16.2,1,0,1,1,0,0,5,1,1.1,1.1,0.1,1.2,13,39,6,0.06,0.00,0.06,0.06,0.06,0.07,0.01,0.08,0.07,0.08,Centre-Back,16000000,18000000.0
Eddie Nketiah,ENG,Arsenal,24,27,10,1082,12.0,5,2,7,5,0,0,3,0,4.5,4.5,0.8,5.4,22,20,77,0.42,0.17,0.58,0.42,0.58,0.38,0.07,0.45,0.38,0.45,Centre-Forward,30000000,25000000.0
Christopher Nkunku,FRA,Chelsea,25,11,2,443,4.9,3,0,3,3,0,0,0,0,2.3,2.3,0.2,2.5,10,19,35,0.61,0.00,0.61,0.61,0.61,0.47,0.05,0.52,0.47,0.52,Attacking Midfield,65000000,80000000.0
Rhys Norrington-Davies,WAL,Sheffield Utd,24,5,2,110,1.2,0,0,0,0,0,0,1,0,0.0,0.0,0.0,0.0,3,2,6,0.00,0.00,0.00,0.00,0.00,0.00,0.01,0.01,0.00,0.01,Left-Back,2500000,3000000.0
Oliver Norwood,NIR,Sheffield Utd,32,27,16,1440,16.0,1,0,1,0,1,1,8,0,1.1,0.3,0.6,0.9,3,73,10,0.06,0.00,0.06,0.00,0.00,0.07,0.04,0.11,0.02,0.06,Central Midfield,1000000,2000000.0
Matheus Nunes,POR,Wolves,24,2,2,179,2.0,0,0,0,0,0,0,2,1,0.1,0.1,0.1,0.2,7,8,9,0.00,0.00,0.00,0.00,0.00,0.04,0.05,0.09,0.04,0.09,Central Midfield,50000000,45000000.0
Matheus Nunes,POR,Manchester City,24,17,7,661,7.3,0,2,2,0,0,0,0,0,0.8,0.8,1.1,2.0,28,34,58,0.00,0.27,0.27,0.00,0.27,0.11,0.15,0.27,0.11,0.27,Central Midfield,50000000,45000000.0
Darwin Núñez,URU,Liverpool,24,36,22,2047,22.7,11,8,19,11,0,1,9,0,16.3,15.5,6.0,21.5,58,54,206,0.48,0.35,0.84,0.48,0.84,0.72,0.27,0.98,0.68,0.95,Centre-Forward,70000000,65000000.0
Ethan Nwaneri,ENG,Arsenal,16,1,0,14,0.2,0,0,0,0,0,0,0,0,0.0,0.0,0.0,0.0,2,2,1,0.00,0.00,0.00,0.00,0.00,0.00,0.15,0.15,0.00,0.15,Attacking Midfield,8000000,0.0
Christian Nørgaard,DEN,Brentford,29,31,30,2505,27.8,2,1,3,2,0,0,8,0,3.5,3.5,1.9,5.4,15,161,42,0.07,0.04,0.11,0.07,0.11,0.12,0.07,0.19,0.12,0.19,Defensive Midfield,18000000,16000000.0
Mark O'Mahony,IRL,Brighton,18,3,1,63,0.7,0,0,0,0,0,0,1,0,0.1,0.1,0.0,0.1,0,0,0,0.00,0.00,0.00,0.00,0.00,0.08,0.00,0.08,0.08,0.08,Centre-Forward,300000,
Dara O'Shea,IRL,Burnley,24,33,32,2892,32.1,3,4,7,3,0,0,5,1,0.7,0.7,2.0,2.7,32,122,10,0.09,0.12,0.22,0.09,0.22,0.02,0.06,0.08,0.02,0.08,Centre-Back,7000000,5000000.0
Michael Obafemi,IRL,Burnley,23,2,0,20,0.2,0,0,0,0,0,0,0,0,0.1,0.1,0.0,0.1,0,0,3,0.00,0.00,0.00,0.00,0.00,0.40,0.00,0.40,0.40,0.40,Centre-Forward,2200000,5000000.0
Wilson Odobert,FRA,Burnley,18,29,25,2098,23.3,3,2,5,3,0,0,3,0,2.8,2.8,3.3,6.1,102,58,123,0.13,0.09,0.21,0.13,0.21,0.12,0.14,0.26,0.12,0.26,Right Winger,10000000,6000000.0
Odeluga Offiah,ENG,Brighton,20,4,1,128,1.4,0,0,0,0,0,0,0,0,0.0,0.0,0.0,0.0,9,4,9,0.00,0.00,0.00,0.00,0.00,0.00,0.00,0.00,0.00,0.00,Right-Back,300000,200000.0
Chiedozie Ogbene,IRL,Luton Town,26,30,20,1995,22.2,4,1,5,4,0,0,1,0,4.2,4.2,3.1,7.4,127,53,150,0.18,0.05,0.23,0.18,0.23,0.19,0.14,0.33,0.19,0.33,Right Winger,8000000,2000000.0
Angelo Ogbonna,ITA,West Ham,35,11,7,635,7.1,0,0,0,0,0,0,1,0,0.0,0.0,0.0,0.0,2,4,0,0.00,0.00,0.00,0.00,0.00,0.01,0.00,0.01,0.01,0.01,Centre-Back,700000,900000.0
Michael Olakigbe,ENG,Brentford,19,8,0,59,0.7,0,0,0,0,0,0,0,0,0.1,0.1,0.0,0.1,10,4,17,0.00,0.00,0.00,0.00,0.00,0.18,0.00,0.18,0.18,0.18,Right Winger,600000,0.0
Michael Olise,FRA,Crystal Palace,21,19,14,1275,14.2,10,6,16,9,1,1,0,0,5.5,4.7,5.8,10.5,68,78,134,0.71,0.42,1.13,0.64,1.06,0.39,0.41,0.80,0.33,0.74,Right Winger,55000000,38000000.0
Robin Olsen,SWE,Aston Villa,33,5,4,405,4.5,0,0,0,0,0,0,0,0,0.0,0.0,0.0,0.0,0,0,0,0.00,0.00,0.00,0.00,0.00,0.00,0.00,0.00,0.00,0.00,Goalkeeper,1500000,1500000.0
Andrew Omobamidele,IRL,Nott'ham Forest,21,11,8,783,8.7,0,0,0,0,0,0,2,0,0.1,0.1,0.1,0.2,1,8,0,0.00,0.00,0.00,0.00,0.00,0.02,0.01,0.03,0.02,0.03,Centre-Back,11000000,6000000.0
Amadou Onana,BEL,Everton,21,30,23,2091,23.2,2,0,2,2,0,0,5,0,2.0,2.0,2.7,4.7,21,107,39,0.09,0.00,0.09,0.09,0.09,0.09,0.11,0.20,0.09,0.20,Defensive Midfield,50000000,45000000.0
André Onana,CMR,Manchester Utd,27,38,38,3420,38.0,0,0,0,0,0,0,5,0,0.0,0.0,0.1,0.1,1,5,0,0.00,0.00,0.00,0.00,0.00,0.00,0.00,0.00,0.00,0.00,Goalkeeper,35000000,35000000.0
Ryan One,SCO,Sheffield Utd,17,1,0,8,0.1,0,0,0,0,0,0,0,0,0.0,0.0,0.0,0.0,1,0,0,0.00,0.00,0.00,0.00,0.00,0.00,0.00,0.00,0.00,0.00,Centre-Forward,200000,
Tyler Onyango,ENG,Everton,20,1,0,1,0.0,0,0,0,0,0,0,0,0,0.0,0.0,0.0,0.0,0,0,0,0.00,0.00,0.00,0.00,0.00,0.00,0.00,0.00,0.00,0.00,Central Midfield,500000,
Fred Onyedinma,ENG,Luton Town,26,8,4,407,4.5,0,0,0,0,0,0,1,0,0.2,0.2,0.1,0.3,9,6,21,0.00,0.00,0.00,0.00,0.00,0.04,0.02,0.06,0.04,0.06,Attacking Midfield,500000,500000.0
Frank Onyeka,NGA,Brentford,25,26,11,1161,12.9,1,2,3,1,0,0,8,0,2.2,2.2,1.8,4.0,17,33,39,0.08,0.16,0.23,0.08,0.23,0.17,0.14,0.31,0.17,0.31,Central Midfield,9000000,8000000.0
Divock Origi,BEL,Nott'ham Forest,28,20,6,606,6.7,0,1,1,0,0,0,1,0,1.4,1.4,2.1,3.5,19,14,41,0.00,0.15,0.15,0.00,0.15,0.21,0.31,0.51,0.21,0.51,Centre-Forward,5000000,6000000.0
Stefan Ortega,GER,Manchester City,30,9,5,635,7.1,0,0,0,0,0,0,0,0,0.0,0.0,0.0,0.0,0,0,0,0.00,0.00,0.00,0.00,0.00,0.00,0.00,0.00,0.00,0.00,Goalkeeper,9000000,9000000.0
Ben Osborn,ENG,Sheffield Utd,28,24,14,1367,15.2,0,2,2,0,0,0,3,0,0.2,0.2,0.9,1.1,16,55,44,0.00,0.13,0.13,0.00,0.13,0.01,0.06,0.07,0.01,0.07,Central Midfield,1000000,1000000.0
Gabriel Osho,NGA,Luton Town,24,21,21,1846,20.5,2,0,2,2,0,0,3,0,1.1,1.1,0.1,1.2,10,37,4,0.10,0.00,0.10,0.10,0.10,0.05,0.01,0.06,0.05,0.06,Centre-Back,3000000,600000.0
William Osula,DEN,Sheffield Utd,19,21,9,786,8.7,0,0,0,0,0,0,4,0,1.6,1.6,0.1,1.7,7,2,41,0.00,0.00,0.00,0.00,0.00,0.19,0.01,0.20,0.19,0.20,Centre-Forward,3000000,250000.0
Dango Ouattara,BFA,Bournemouth,21,30,12,1229,13.7,1,2,3,1,0,0,3,0,2.6,2.6,1.5,4.1,47,35,90,0.07,0.15,0.22,0.07,0.22,0.19,0.11,0.30,0.19,0.30,Left Winger,20000000,25000000.0
David Ozoh,ENG,Crystal Palace,18,9,0,156,1.7,0,0,0,0,0,0,1,0,0.0,0.0,0.0,0.0,2,4,3,0.00,0.00,0.00,0.00,0.00,0.00,0.00,0.00,0.00,0.00,Defensive Midfield,700000,0.0
João Palhinha,POR,Fulham,28,33,31,2699,30.0,4,1,5,4,0,0,13,0,3.3,3.3,0.8,4.1,8,97,14,0.13,0.03,0.17,0.13,0.17,0.11,0.03,0.14,0.11,0.14,Defensive Midfield,55000000,40000000.0
Cole Palmer,ENG,Chelsea,21,33,29,2607,29.0,22,11,33,13,9,9,7,0,18.2,11.1,11.1,22.2,117,197,195,0.76,0.38,1.14,0.45,0.83,0.63,0.38,1.01,0.38,0.77,Attacking Midfield,80000000,15000000.0
Cole Palmer,ENG,Manchester City,21,1,0,11,0.1,0,0,0,0,0,0,0,0,0.0,0.0,0.0,0.0,0,0,0,0.00,0.00,0.00,0.00,0.00,0.00,0.00,0.00,0.00,0.00,Attacking Midfield,80000000,15000000.0
Emerson Palmieri,ITA,West Ham,28,36,35,3137,34.9,1,2,3,1,0,0,10,0,1.5,1.5,2.4,3.9,59,125,124,0.03,0.06,0.09,0.03,0.09,0.04,0.07,0.11,0.04,0.11,Left-Back,12000000,12000000.0
Lucas Paquetá,BRA,West Ham,25,31,31,2622,29.1,4,6,10,2,2,2,10,0,5.4,3.8,5.4,9.2,34,187,116,0.14,0.21,0.34,0.07,0.27,0.18,0.18,0.37,0.13,0.32,Attacking Midfield,65000000,45000000.0
Ben Parkinson,ENG,Newcastle Utd,18,1,0,25,0.3,0,0,0,0,0,0,0,0,0.0,0.0,0.0,0.0,0,0,0,0.00,0.00,0.00,0.00,0.00,0.00,0.00,0.00,0.00,0.00,Right Winger,250000,
Thomas Partey,GHA,Arsenal,30,14,9,788,8.8,0,0,0,0,0,0,3,0,0.4,0.4,0.3,0.7,15,72,10,0.00,0.00,0.00,0.00,0.00,0.05,0.03,0.08,0.05,0.08,Defensive Midfield,18000000,35000000.0
Nathan Patterson,SCO,Everton,21,20,9,1005,11.2,0,2,2,0,0,0,4,0,0.3,0.3,1.7,2.0,17,38,39,0.00,0.18,0.18,0.00,0.18,0.03,0.15,0.18,0.03,0.18,Right-Back,15000000,16000000.0
Myles Peart-Harris,ENG,Brentford,20,3,0,13,0.1,0,0,0,0,0,0,0,0,0.0,0.0,0.0,0.0,2,1,1,0.00,0.00,0.00,0.00,0.00,0.00,0.12,0.12,0.00,0.12,Attacking Midfield,700000,700000.0
Sydie Peck,ENG,Sheffield Utd,18,1,0,10,0.1,0,0,0,0,0,0,0,0,0.0,0.0,0.0,0.0,0,0,0,0.00,0.00,0.00,0.00,0.00,0.00,0.00,0.00,0.00,0.00,Central Midfield,200000,
Facundo Pellistri,URU,Manchester Utd,21,9,1,172,1.9,0,1,1,0,0,0,0,0,0.7,0.7,0.1,0.8,6,6,31,0.00,0.52,0.52,0.00,0.52,0.38,0.05,0.43,0.38,0.43,Right Winger,8000000,6000000.0
Andreas Pereira,BRA,Fulham,27,37,34,2613,29.0,3,7,10,3,0,0,6,0,4.6,4.6,7.1,11.7,56,138,125,0.10,0.24,0.34,0.10,0.34,0.16,0.24,0.40,0.16,0.40,Attacking Midfield,20000000,18000000.0
Ivan Perišić,CRO,Tottenham,34,5,0,103,1.1,0,1,1,0,0,0,2,0,0.1,0.1,0.9,1.0,15,9,17,0.00,0.87,0.87,0.00,0.87,0.10,0.75,0.85,0.10,0.85,Left Winger,2000000,7000000.0
Đorđe Petrović,SRB,Chelsea,23,23,22,1987,22.1,0,0,0,0,0,0,2,0,0.0,0.0,0.0,0.0,0,1,0,0.00,0.00,0.00,0.00,0.00,0.00,0.00,0.00,0.00,0.00,Goalkeeper,20000000,6000000.0
Kalvin Phillips,ENG,West Ham,27,8,3,309,3.4,0,0,0,0,0,0,3,1,0.1,0.1,0.0,0.1,3,19,4,0.00,0.00,0.00,0.00,0.00,0.02,0.00,0.02,0.02,0.02,Defensive Midfield,25000000,32000000.0
Kalvin Phillips,ENG,Manchester City,27,4,0,93,1.0,0,0,0,0,0,0,0,0,0.1,0.1,0.0,0.1,7,7,3,0.00,0.00,0.00,0.00,0.00,0.07,0.00,0.07,0.07,0.07,Defensive Midfield,25000000,32000000.0
Jaden Philogene Bidace,ENG,Aston Villa,21,1,0,4,0.0,0,0,0,0,0,0,0,0,0.0,0.0,0.0,0.0,2,0,1,0.00,0.00,0.00,0.00,0.00,0.00,0.00,0.00,0.00,0.00,Left Winger,15000000,2800000.0
Jordan Pickford,ENG,Everton,29,38,38,3420,38.0,0,0,0,0,0,0,5,0,0.0,0.0,0.1,0.1,1,6,0,0.00,0.00,0.00,0.00,0.00,0.00,0.00,0.00,0.00,0.00,Goalkeeper,22000000,22000000.0
Ethan Pinnock,JAM,Brentford,30,29,28,2521,28.0,2,0,2,2,0,0,1,0,2.0,2.0,1.0,3.0,11,61,16,0.07,0.00,0.07,0.07,0.07,0.07,0.04,0.11,0.07,0.11,Centre-Back,12000000,14000000.0
Nick Pope,ENG,Newcastle Utd,31,15,15,1345,14.9,0,0,0,0,0,0,1,0,0.0,0.0,0.0,0.0,0,0,0,0.00,0.00,0.00,0.00,0.00,0.00,0.00,0.00,0.00,0.00,Goalkeeper,16000000,20000000.0
Pedro Porro,ESP,Tottenham,23,35,35,3089,34.3,3,7,10,3,0,0,3,0,2.9,2.9,7.2,10.1,57,194,158,0.09,0.20,0.29,0.09,0.29,0.09,0.21,0.30,0.09,0.30,Right-Back,45000000,40000000.0
Jarell Quansah,ENG,Liverpool,20,17,13,1190,13.2,2,0,2,2,0,0,1,0,1.0,1.0,0.1,1.1,13,67,1,0.15,0.00,0.15,0.15,0.15,0.08,0.01,0.08,0.08,0.08,Centre-Back,22000000,400000.0
Ionuț Radu,ROU,Bournemouth,26,2,2,180,2.0,0,0,0,0,0,0,0,0,0.0,0.0,0.0,0.0,0,0,0,0.00,0.00,0.00,0.00,0.00,0.00,0.00,0.00,0.00,0.00,Goalkeeper,3000000,3500000.0
Jesurun Rak Sakyi,ENG,Crystal Palace,20,6,0,136,1.5,0,0,0,0,0,0,0,0,0.4,0.4,0.2,0.6,7,2,18,0.00,0.00,0.00,0.00,0.00,0.28,0.10,0.38,0.28,0.38,Right Winger,2000000,
Aaron Ramsdale,ENG,Arsenal,25,6,6,540,6.0,0,0,0,0,0,0,0,0,0.0,0.0,0.0,0.0,0,2,0,0.00,0.00,0.00,0.00,0.00,0.00,0.00,0.00,0.00,0.00,Goalkeeper,25000000,40000000.0
Aaron Ramsey,ENG,Burnley,20,14,5,527,5.9,0,0,0,0,0,0,1,0,0.3,0.3,0.4,0.7,8,8,17,0.00,0.00,0.00,0.00,0.00,0.06,0.07,0.13,0.06,0.13,Attacking Midfield,15000000,5000000.0
Jacob Ramsey,ENG,Aston Villa,22,16,8,853,9.5,1,1,2,1,0,0,2,0,2.2,2.2,1.0,3.2,33,28,69,0.11,0.11,0.21,0.11,0.21,0.23,0.11,0.34,0.23,0.34,Attacking Midfield,35000000,42000000.0
Marcus Rashford,ENG,Manchester Utd,25,33,26,2271,25.2,7,2,9,5,2,2,2,0,7.4,5.8,2.3,8.1,95,65,184,0.28,0.08,0.36,0.20,0.28,0.29,0.09,0.38,0.23,0.32,Left Winger,60000000,80000000.0
David Raya,ESP,Arsenal,27,32,32,2880,32.0,0,0,0,0,0,0,2,0,0.0,0.0,0.0,0.0,0,2,0,0.00,0.00,0.00,0.00,0.00,0.00,0.00,0.00,0.00,0.00,Goalkeeper,35000000,30000000.0
Tim Ream,USA,Fulham,35,18,17,1503,16.7,1,0,1,1,0,0,4,1,1.0,1.0,0.0,1.0,11,65,3,0.06,0.00,0.06,0.06,0.06,0.06,0.00,0.06,0.06,0.06,Centre-Back,800000,1000000.0
Nathan Redmond,ENG,Burnley,29,12,0,142,1.6,0,0,0,0,0,0,1,0,0.0,0.0,0.3,0.3,7,8,22,0.00,0.00,0.00,0.00,0.00,0.00,0.19,0.19,0.00,0.19,Right Winger,5000000,10000000.0
Harrison Reed,ENG,Fulham,28,27,15,1325,14.7,0,2,2,0,0,0,6,0,0.3,0.3,1.1,1.4,10,56,40,0.00,0.14,0.14,0.00,0.14,0.02,0.07,0.09,0.02,0.09,Central Midfield,15000000,18000000.0
Sergio Reguilón,ESP,Manchester Utd,26,9,4,412,4.6,0,0,0,0,0,0,3,0,0.2,0.2,0.7,0.9,11,27,38,0.00,0.00,0.00,0.00,0.00,0.04,0.16,0.20,0.04,0.20,Left-Back,12000000,12000000.0
Sergio Reguilón,ESP,Brentford,26,16,14,1118,12.4,0,4,4,0,0,0,4,1,0.8,0.8,2.8,3.6,34,38,40,0.00,0.32,0.32,0.00,0.32,0.06,0.23,0.29,0.06,0.29,Left-Back,12000000,12000000.0
Bobby Reid,JAM,Fulham,30,33,17,1423,15.8,6,2,8,6,0,0,4,0,4.6,4.6,1.8,6.4,35,47,95,0.38,0.13,0.51,0.38,0.51,0.28,0.11,0.40,0.28,0.40,Right Winger,5000000,7000000.0
Gio Reyna,USA,Nott'ham Forest,20,9,2,235,2.6,0,1,1,0,0,0,0,0,0.3,0.3,0.5,0.8,3,12,14,0.00,0.38,0.38,0.00,0.38,0.11,0.18,0.29,0.11,0.29,Attacking Midfield,18000000,20000000.0
Rodrigo Ribeiro,POR,Nott'ham Forest,18,4,0,17,0.2,0,0,0,0,0,0,0,0,0.0,0.0,0.0,0.0,2,2,1,0.00,0.00,0.00,0.00,0.00,0.00,0.00,0.00,0.00,0.00,Centre-Forward,3000000,3000000.0
Declan Rice,ENG,Arsenal,24,38,37,3225,35.8,7,8,15,7,0,0,5,0,3.3,3.3,5.3,8.6,75,278,64,0.20,0.22,0.42,0.20,0.42,0.09,0.15,0.24,0.09,0.24,Defensive Midfield,120000000,90000000.0
Chris Richards,USA,Crystal Palace,23,26,23,2094,23.3,1,1,2,1,0,0,3,0,0.6,0.6,0.4,1.0,1,43,1,0.04,0.04,0.09,0.04,0.09,0.03,0.02,0.04,0.03,0.04,Centre-Back,12000000,10000000.0
Richarlison,BRA,Tottenham,26,28,18,1491,16.6,11,4,15,11,0,0,3,0,9.6,9.6,2.1,11.7,26,38,106,0.66,0.24,0.91,0.66,0.91,0.58,0.13,0.70,0.58,0.70,Centre-Forward,38000000,48000000.0
Jaïro Riedewald,NED,Crystal Palace,26,9,2,235,2.6,0,0,0,0,0,0,0,0,0.0,0.0,0.0,0.0,3,10,3,0.00,0.00,0.00,0.00,0.00,0.01,0.00,0.01,0.01,0.01,Defensive Midfield,3000000,3000000.0
Matt Ritchie,SCO,Newcastle Utd,33,13,0,128,1.4,1,0,1,1,0,0,1,0,1.0,1.0,0.0,1.0,5,8,13,0.70,0.00,0.70,0.70,0.70,0.68,0.00,0.68,0.68,0.68,Right Midfield,1000000,1000000.0
Connor Roberts,WAL,Burnley,27,14,8,823,9.1,0,1,1,0,0,0,5,1,0.0,0.0,0.2,0.2,6,38,13,0.00,0.11,0.11,0.00,0.11,0.00,0.02,0.02,0.00,0.02,Right-Back,7000000,8000000.0
Andrew Robertson,SCO,Liverpool,29,23,18,1693,18.8,3,2,5,3,0,0,2,0,1.9,1.9,5.4,7.3,63,140,130,0.16,0.11,0.27,0.16,0.27,0.10,0.29,0.39,0.10,0.39,Left-Back,30000000,40000000.0
Antonee Robinson,USA,Fulham,25,37,37,3265,36.3,0,6,6,0,0,0,6,0,0.7,0.7,4.2,4.8,99,129,194,0.00,0.17,0.17,0.00,0.17,0.02,0.11,0.13,0.02,0.13,Left-Back,25000000,15000000.0
Jack Robinson,ENG,Sheffield Utd,29,34,31,2885,32.1,1,1,2,1,0,0,10,0,1.2,1.2,1.2,2.4,8,63,14,0.03,0.03,0.06,0.03,0.06,0.04,0.04,0.08,0.04,0.08,Centre-Back,1000000,700000.0
Rodri,ESP,Manchester City,27,34,34,2931,32.6,8,9,17,8,0,0,8,1,4.1,4.1,3.9,8.0,76,376,55,0.25,0.28,0.52,0.25,0.52,0.12,0.12,0.24,0.12,0.24,Defensive Midfield,120000000,90000000.0
Jay Rodriguez,ENG,Burnley,34,21,7,822,9.1,2,1,3,1,1,1,0,0,3.5,2.7,0.2,2.9,2,17,28,0.22,0.11,0.33,0.11,0.22,0.38,0.02,0.40,0.30,0.32,Centre-Forward,1000000,1000000.0
Mads Roerslev,DEN,Brentford,24,34,22,1985,22.1,1,2,3,1,0,0,1,0,0.9,0.9,1.8,2.7,18,43,90,0.05,0.09,0.14,0.05,0.14,0.04,0.08,0.12,0.04,0.12,Right-Back,10000000,6000000.0
Morgan Rogers,ENG,Aston Villa,21,11,8,638,7.1,3,1,4,3,0,0,3,0,1.4,1.4,0.6,2.0,22,28,30,0.42,0.14,0.56,0.42,0.56,0.19,0.09,0.28,0.19,0.28,Attacking Midfield,15000000,2800000.0
Cristian Romero,ARG,Tottenham,25,33,33,2790,31.0,5,0,5,5,0,0,7,1,3.5,3.5,0.4,3.9,32,179,8,0.16,0.00,0.16,0.16,0.16,0.11,0.01,0.13,0.11,0.13,Centre-Back,60000000,60000000.0
Joe Rothwell,ENG,Bournemouth,28,11,3,386,4.3,0,0,0,0,0,0,0,0,0.1,0.1,0.2,0.3,6,20,3,0.00,0.00,0.00,0.00,0.00,0.02,0.06,0.08,0.02,0.08,Central Midfield,2500000,4000000.0
Pelly Ruddock Mpanzu,COD,Luton Town,30,27,11,1101,12.2,0,0,0,0,0,0,1,0,0.6,0.6,0.4,1.1,10,34,15,0.00,0.00,0.00,0.00,0.00,0.05,0.04,0.09,0.05,0.09,Defensive Midfield,1500000,1000000.0
José Sá,POR,Wolves,30,35,35,3037,33.7,0,1,1,0,0,0,1,0,0.0,0.0,0.0,0.0,0,1,0,0.00,0.03,0.03,0.00,0.03,0.00,0.00,0.00,0.00,0.00,Goalkeeper,14000000,18000000.0
Dominic Sadi,ENG,Bournemouth,19,1,0,1,0.0,0,0,0,0,0,0,0,0,0.0,0.0,0.0,0.0,0,0,0,0.00,0.00,0.00,0.00,0.00,0.00,0.00,0.00,0.00,0.00,Right Winger,100000,100000.0
Bukayo Saka,ENG,Arsenal,21,35,35,2919,32.4,16,9,25,10,6,6,4,0,15.5,10.8,10.5,21.2,155,126,508,0.49,0.28,0.77,0.31,0.59,0.48,0.32,0.80,0.33,0.65,Right Winger,140000000,120000000.0
Mohamed Salah,EGY,Liverpool,31,32,28,2534,28.2,18,10,28,13,5,7,2,0,21.2,15.5,11.8,27.3,98,147,341,0.64,0.36,0.99,0.46,0.82,0.75,0.42,1.17,0.55,0.97,Right Winger,55000000,65000000.0
William Saliba,FRA,Arsenal,22,38,38,3420,38.0,2,1,3,2,0,0,4,0,1.6,1.6,0.2,1.8,16,157,6,0.05,0.03,0.08,0.05,0.08,0.04,0.01,0.05,0.04,0.05,Centre-Back,80000000,65000000.0
Albert Sambi Lokonga,BEL,Luton Town,23,17,16,1303,14.5,1,3,4,1,0,0,4,0,0.6,0.6,1.4,2.0,29,72,13,0.07,0.21,0.28,0.07,0.28,0.04,0.10,0.14,0.04,0.14,Central Midfield,15000000,15000000.0
Davinson Sánchez,COL,Tottenham,27,1,0,77,0.9,0,0,0,0,0,0,1,0,0.1,0.1,0.0,0.1,0,2,0,0.00,0.00,0.00,0.00,0.00,0.14,0.00,0.14,0.14,0.14,Centre-Back,17000000,15000000.0
Robert Sánchez,ESP,Chelsea,25,16,16,1433,15.9,0,0,0,0,0,0,2,0,0.0,0.0,0.0,0.0,0,1,0,0.00,0.00,0.00,0.00,0.00,0.00,0.00,0.00,0.00,0.00,Goalkeeper,20000000,22000000.0
Jadon Sancho,ENG,Manchester Utd,23,3,0,79,0.9,0,0,0,0,0,0,0,0,0.0,0.0,0.1,0.1,10,4,5,0.00,0.00,0.00,0.00,0.00,0.00,0.06,0.06,0.00,0.06,Left Winger,30000000,45000000.0
Ibrahim Sangaré,CIV,Nott'ham Forest,25,17,13,1035,11.5,0,0,0,0,0,0,6,0,0.6,0.6,0.4,1.0,5,44,7,0.00,0.00,0.00,0.00,0.00,0.06,0.03,0.09,0.06,0.09,Defensive Midfield,30000000,35000000.0
Andrey Santos,BRA,Nott'ham Forest,19,1,0,8,0.1,0,0,0,0,0,0,0,0,0.1,0.1,0.0,0.1,0,0,0,0.00,0.00,0.00,0.00,0.00,0.64,0.00,0.64,0.64,0.64,Central Midfield,15000000,15000000.0
Pablo Sarabia,ESP,Wolves,31,30,20,1745,19.4,4,7,11,2,2,2,5,0,5.5,3.9,5.9,9.8,41,109,137,0.21,0.36,0.57,0.10,0.46,0.28,0.30,0.59,0.20,0.50,Right Winger,10000000,14000000.0
Dane Scarlett,ENG,Tottenham,19,4,0,22,0.2,0,0,0,0,0,0,0,0,0.0,0.0,0.0,0.0,0,1,4,0.00,0.00,0.00,0.00,0.00,0.00,0.00,0.00,0.00,0.00,Centre-Forward,1800000,1800000.0
Kevin Schade,GER,Brentford,21,11,3,333,3.7,2,1,3,2,0,0,0,0,1.2,1.2,0.7,1.9,8,9,23,0.54,0.27,0.81,0.54,0.81,0.32,0.19,0.52,0.32,0.52,Left Winger,22000000,25000000.0
Fabian Schär,SUI,Newcastle Utd,31,36,35,3054,33.9,4,1,5,4,0,0,5,0,2.5,2.5,0.7,3.3,28,133,20,0.12,0.03,0.15,0.12,0.15,0.07,0.02,0.10,0.07,0.10,Centre-Back,10000000,10000000.0
Jeffrey Schlupp,GHA,Crystal Palace,30,29,17,1352,15.0,2,2,4,2,0,0,1,0,1.8,1.8,2.3,4.1,20,33,52,0.13,0.13,0.27,0.13,0.27,0.12,0.15,0.27,0.12,0.27,Left Midfield,7000000,7000000.0
Alex Scott,ENG,Bournemouth,19,23,11,1014,11.3,1,1,2,1,0,0,3,0,0.7,0.7,1.7,2.4,24,50,35,0.09,0.09,0.18,0.09,0.18,0.06,0.15,0.22,0.06,0.22,Central Midfield,20000000,20000000.0
Matz Sels,BEL,Nott'ham Forest,31,16,16,1440,16.0,0,0,0,0,0,0,1,0,0.0,0.0,0.1,0.1,0,0,0,0.00,0.00,0.00,0.00,0.00,0.00,0.00,0.00,0.00,0.00,Goalkeeper,7000000,7000000.0
Nélson Semedo,POR,Wolves,29,36,36,3084,34.3,0,1,1,0,0,0,10,1,1.3,1.3,1.7,3.0,103,138,150,0.00,0.03,0.03,0.00,0.03,0.04,0.05,0.09,0.04,0.09,Right-Back,12000000,15000000.0
Antoine Semenyo,GHA,Bournemouth,23,33,25,2105,23.4,8,2,10,8,0,0,6,0,4.6,4.6,3.2,7.8,89,64,188,0.34,0.09,0.43,0.34,0.43,0.20,0.14,0.34,0.20,0.34,Right Winger,10000000,9000000.0
Marcos Senesi,ARG,Bournemouth,26,31,26,2242,24.9,4,5,9,4,0,0,13,0,2.0,2.0,1.7,3.7,31,127,4,0.16,0.20,0.36,0.16,0.36,0.08,0.07,0.15,0.08,0.15,Centre-Back,22000000,22000000.0
Luke Shaw,ENG,Manchester Utd,28,12,12,959,10.7,0,0,0,0,0,0,6,0,0.0,0.0,1.0,1.0,10,45,30,0.00,0.00,0.00,0.00,0.00,0.00,0.09,0.10,0.00,0.10,Left-Back,32000000,42000000.0
James Shea,ENG,Luton Town,32,1,0,15,0.2,0,0,0,0,0,0,0,0,0.0,0.0,0.0,0.0,0,0,0,0.00,0.00,0.00,0.00,0.00,0.00,0.00,0.00,0.00,0.00,Goalkeeper,200000,200000.0
Bernardo Silva,POR,Manchester City,28,33,29,2578,28.6,6,9,15,6,0,0,8,0,3.7,3.7,7.6,11.3,140,177,260,0.21,0.31,0.52,0.21,0.52,0.13,0.27,0.40,0.13,0.40,Attacking Midfield,70000000,80000000.0
Fábio Silva,POR,Wolves,21,8,3,264,2.9,0,0,0,0,0,0,2,0,1.0,1.0,0.2,1.2,5,10,13,0.00,0.00,0.00,0.00,0.00,0.35,0.07,0.42,0.35,0.42,Centre-Forward,11000000,13000000.0
Thiago Silva,BRA,Chelsea,38,31,28,2527,28.1,3,1,4,3,0,0,4,0,0.8,0.8,1.0,1.8,2,102,5,0.11,0.04,0.14,0.11,0.14,0.03,0.04,0.06,0.03,0.06,Centre-Back,1000000,2000000.0
Luis Sinisterra,COL,Bournemouth,24,20,7,699,7.8,2,2,4,2,0,0,0,0,2.5,2.5,2.4,5.0,51,38,85,0.26,0.26,0.52,0.26,0.52,0.33,0.31,0.64,0.33,0.64,Left Winger,17000000,22000000.0
Oliver Skipp,ENG,Tottenham,22,21,5,707,7.9,0,0,0,0,0,0,3,0,0.7,0.7,0.6,1.3,8,37,25,0.00,0.00,0.00,0.00,0.00,0.09,0.07,0.16,0.09,0.16,Defensive Midfield,15000000,15000000.0
Adam Smith,ENG,Bournemouth,32,28,25,2150,23.9,0,2,2,0,0,0,6,0,0.1,0.1,1.3,1.4,24,89,28,0.00,0.08,0.08,0.00,0.08,0.00,0.05,0.06,0.00,0.06,Right-Back,1000000,1200000.0
Emile Smith Rowe,ENG,Arsenal,23,13,3,353,3.9,0,1,1,0,0,0,0,0,2.0,2.0,0.2,2.2,11,23,18,0.00,0.25,0.25,0.00,0.25,0.50,0.06,0.56,0.50,0.56,Attacking Midfield,22000000,35000000.0
Cédric Soares,POR,Arsenal,31,3,0,62,0.7,0,0,0,0,0,0,0,0,0.0,0.0,0.0,0.0,0,3,6,0.00,0.00,0.00,0.00,0.00,0.00,0.00,0.00,0.00,0.00,Right-Back,2000000,3000000.0
Dominic Solanke,ENG,Bournemouth,25,38,37,3325,36.9,19,3,22,17,2,3,3,0,19.6,17.2,3.0,20.3,52,60,184,0.51,0.08,0.60,0.46,0.54,0.53,0.08,0.61,0.47,0.55,Centre-Forward,40000000,20000000.0
Manor Solomon,ISR,Tottenham,24,5,2,199,2.2,0,2,2,0,0,0,1,0,0.4,0.4,0.8,1.2,17,11,44,0.00,0.90,0.90,0.00,0.90,0.19,0.38,0.56,0.19,0.56,Left Winger,13000000,18000000.0
Tomáš Souček,CZE,West Ham,28,37,34,2870,31.9,7,2,9,7,0,0,7,0,6.7,6.7,1.7,8.4,7,86,39,0.22,0.06,0.28,0.22,0.28,0.21,0.05,0.26,0.21,0.26,Defensive Midfield,30000000,35000000.0
Vinicius Souza,BRA,Sheffield Utd,24,36,29,2668,29.6,1,0,1,1,0,0,3,0,0.6,0.6,0.2,0.8,7,66,21,0.03,0.00,0.03,0.03,0.03,0.02,0.01,0.03,0.02,0.03,Defensive Midfield,12000000,6000000.0
Jason Steele,ENG,Brighton,32,17,17,1530,17.0,0,0,0,0,0,0,0,0,0.0,0.0,0.0,0.0,0,0,0,0.00,0.00,0.00,0.00,0.00,0.00,0.00,0.00,0.00,0.00,Goalkeeper,3500000,4000000.0
Raheem Sterling,ENG,Chelsea,28,31,22,1978,22.0,8,4,12,8,0,0,7,0,6.5,6.5,4.5,11.0,120,78,242,0.36,0.18,0.55,0.36,0.55,0.29,0.20,0.50,0.29,0.50,Left Winger,35000000,55000000.0
John Stones,ENG,Manchester City,29,16,12,1064,11.8,1,0,1,1,0,0,2,0,1.0,1.0,0.2,1.3,16,57,24,0.08,0.00,0.08,0.08,0.08,0.09,0.02,0.11,0.09,0.11,Centre-Back,38000000,40000000.0
Thomas Strakosha,ALB,Brentford,28,2,1,135,1.5,0,0,0,0,0,0,0,0,0.0,0.0,0.0,0.0,0,0,0,0.00,0.00,0.00,0.00,0.00,0.00,0.00,0.00,0.00,0.00,Goalkeeper,3000000,3500000.0
Dominik Szoboszlai,HUN,Liverpool,22,33,25,2104,23.4,3,2,5,3,0,0,1,0,3.7,3.7,5.8,9.5,75,152,160,0.13,0.09,0.21,0.13,0.21,0.16,0.25,0.40,0.16,0.40,Attacking Midfield,75000000,50000000.0
Matt Targett,ENG,Newcastle Utd,27,3,1,78,0.9,0,0,0,0,0,0,1,0,0.0,0.0,0.0,0.0,1,2,0,0.00,0.00,0.00,0.00,0.00,0.00,0.03,0.03,0.00,0.03,Left-Back,10000000,13000000.0
James Tarkowski,ENG,Everton,30,38,38,3419,38.0,1,1,2,1,0,0,11,0,2.6,2.6,2.5,5.1,15,130,20,0.03,0.03,0.05,0.03,0.05,0.07,0.06,0.13,0.07,0.13,Centre-Back,13000000,18000000.0
Jimi Tauriainen,ENG,Chelsea,19,1,0,1,0.0,0,0,0,0,0,0,0,0,0.0,0.0,0.0,0.0,0,0,0,0.00,0.00,0.00,0.00,0.00,0.00,0.00,0.00,0.00,0.00,Central Midfield,200000,
Nuno Tavares,POR,Nott'ham Forest,23,8,5,457,5.1,0,0,0,0,0,0,2,0,0.2,0.2,0.5,0.7,14,24,12,0.00,0.00,0.00,0.00,0.00,0.03,0.10,0.13,0.03,0.13,Left-Back,15000000,18000000.0
Marcus Tavernier,ENG,Bournemouth,24,30,25,2118,23.5,3,4,7,3,0,0,3,0,3.9,3.9,5.2,9.1,79,84,171,0.13,0.17,0.30,0.13,0.30,0.17,0.22,0.39,0.17,0.39,Left Midfield,20000000,17000000.0
Charlie Taylor,ENG,Burnley,29,28,25,2331,25.9,1,1,2,1,0,0,8,0,0.2,0.2,1.2,1.5,36,82,81,0.04,0.04,0.08,0.04,0.08,0.01,0.05,0.06,0.01,0.06,Left-Back,3000000,3500000.0
Kenny Tete,NED,Fulham,27,14,10,867,9.6,1,0,1,1,0,0,2,0,0.9,0.9,0.4,1.2,20,54,38,0.10,0.00,0.10,0.10,0.10,0.09,0.04,0.13,0.09,0.13,Right-Back,15000000,15000000.0
Luke Thomas,ENG,Sheffield Utd,22,12,11,917,10.2,0,0,0,0,0,0,3,0,0.5,0.5,0.1,0.6,8,33,22,0.00,0.00,0.00,0.00,0.00,0.05,0.00,0.06,0.05,0.06,Left-Back,6000000,12000000.0
Youri Tielemans,BEL,Aston Villa,26,32,17,1622,18.0,2,6,8,2,0,0,3,0,1.3,1.3,2.6,3.9,23,128,46,0.11,0.33,0.44,0.11,0.44,0.07,0.14,0.21,0.07,0.21,Central Midfield,25000000,25000000.0
Jurriën Timber,NED,Arsenal,22,2,1,71,0.8,0,0,0,0,0,0,2,0,0.0,0.0,0.0,0.0,0,8,5,0.00,0.00,0.00,0.00,0.00,0.00,0.00,0.00,0.00,0.00,Centre-Back,38000000,42000000.0
Harry Toffolo,ENG,Nott'ham Forest,27,23,15,1459,16.2,1,3,4,1,0,0,3,0,1.6,1.6,1.5,3.2,10,42,34,0.06,0.19,0.25,0.06,0.25,0.10,0.10,0.20,0.10,0.20,Left-Back,5000000,3500000.0
Takehiro Tomiyasu,JPN,Arsenal,24,22,10,1149,12.8,2,1,3,2,0,0,2,1,1.5,1.5,0.4,1.9,17,72,37,0.16,0.08,0.23,0.16,0.23,0.12,0.03,0.15,0.12,0.15,Right-Back,35000000,25000000.0
James Tomkins,ENG,Crystal Palace,34,4,0,10,0.1,0,0,0,0,0,0,0,0,0.0,0.0,0.0,0.0,0,1,0,0.00,0.00,0.00,0.00,0.00,0.00,0.00,0.00,0.00,0.00,Centre-Back,700000,800000.0
Sandro Tonali,ITA,Newcastle Utd,23,8,5,438,4.9,1,0,1,1,0,0,2,0,0.7,0.7,0.6,1.3,11,19,21,0.21,0.00,0.21,0.21,0.21,0.13,0.13,0.26,0.13,0.26,Central Midfield,38000000,50000000.0
Ivan Toney,ENG,Brentford,27,17,16,1450,16.1,4,2,6,4,0,0,5,0,6.0,6.0,1.5,7.4,23,40,98,0.25,0.12,0.37,0.25,0.37,0.37,0.09,0.46,0.37,0.46,Centre-Forward,50000000,35000000.0
Pau Torres,ESP,Aston Villa,26,29,27,2464,27.4,2,0,2,2,0,0,1,0,1.0,1.0,0.4,1.4,42,128,16,0.07,0.00,0.07,0.07,0.07,0.04,0.02,0.05,0.04,0.05,Centre-Back,45000000,45000000.0
Andros Townsend,ENG,Luton Town,32,27,14,1210,13.4,1,3,4,1,0,0,1,0,1.2,1.2,1.3,2.5,47,35,71,0.07,0.22,0.30,0.07,0.30,0.09,0.10,0.19,0.09,0.19,Right Winger,1800000,1500000.0
James Trafford,ENG,Burnley,20,28,28,2520,28.0,0,0,0,0,0,0,2,0,0.0,0.0,0.0,0.0,0,6,0,0.00,0.00,0.00,0.00,0.00,0.00,0.00,0.00,0.00,0.00,Goalkeeper,18000000,15000000.0
Adama Traoré,ESP,Fulham,27,17,1,377,4.2,2,3,5,2,0,0,2,0,1.5,1.5,0.7,2.2,29,16,48,0.48,0.72,1.19,0.48,1.19,0.36,0.17,0.53,0.36,0.53,Right Winger,9000000,10000000.0
Bénie Traoré,CIV,Sheffield Utd,20,8,3,387,4.3,0,0,0,0,0,0,0,0,0.3,0.3,0.5,0.8,7,9,14,0.00,0.00,0.00,0.00,0.00,0.06,0.13,0.19,0.06,0.19,Centre-Forward,4000000,3500000.0
Bertrand Traoré,BFA,Aston Villa,27,2,0,11,0.1,0,0,0,0,0,0,0,0,0.0,0.0,0.0,0.0,0,0,0,0.00,0.00,0.00,0.00,0.00,0.00,0.00,0.00,0.00,0.00,Right Winger,9000000,12000000.0
Boubacar Traoré,MLI,Wolves,21,24,7,819,9.1,0,0,0,0,0,0,4,0,0.3,0.3,0.4,0.7,9,29,15,0.00,0.00,0.00,0.00,0.00,0.03,0.04,0.07,0.03,0.07,Defensive Midfield,6000000,5000000.0
Mark Travers,IRL,Bournemouth,24,4,4,360,4.0,0,0,0,0,0,0,0,0,0.0,0.0,0.0,0.0,0,0,0,0.00,0.00,0.00,0.00,0.00,0.00,0.00,0.00,0.00,0.00,Goalkeeper,3500000,2000000.0
Mike Trésor,BEL,Burnley,24,16,3,420,4.7,0,0,0,0,0,0,0,0,0.5,0.5,0.4,0.9,15,10,31,0.00,0.00,0.00,0.00,0.00,0.10,0.08,0.18,0.10,0.18,Left Winger,12000000,15000000.0
Kieran Trippier,ENG,Newcastle Utd,32,28,26,2236,24.8,1,10,11,1,0,0,5,0,0.7,0.7,7.5,8.2,34,157,128,0.04,0.40,0.44,0.04,0.44,0.03,0.30,0.33,0.03,0.33,Right-Back,10000000,11000000.0
Leandro Trossard,BEL,Arsenal,28,34,18,1649,18.3,12,1,13,12,0,0,2,0,7.9,7.9,2.8,10.7,66,76,155,0.65,0.05,0.71,0.65,0.71,0.43,0.15,0.58,0.43,0.58,Left Winger,35000000,35000000.0
Auston Trusty,USA,Sheffield Utd,24,32,28,2572,28.6,0,0,0,0,0,0,4,0,0.4,0.4,1.1,1.5,10,40,15,0.00,0.00,0.00,0.00,0.00,0.01,0.04,0.05,0.01,0.05,Centre-Back,7000000,10000000.0
Kostas Tsimikas,GRE,Liverpool,27,13,8,679,7.5,0,3,3,0,0,0,0,0,0.1,0.1,1.0,1.1,24,31,73,0.00,0.40,0.40,0.00,0.40,0.01,0.14,0.15,0.01,0.15,Left-Back,22000000,18000000.0
Matt Turner,USA,Nott'ham Forest,29,17,17,1530,17.0,0,0,0,0,0,0,2,0,0.0,0.0,0.0,0.0,0,0,0,0.00,0.00,0.00,0.00,0.00,0.00,0.00,0.00,0.00,0.00,Goalkeeper,7000000,8000000.0
Destiny Udogie,ITA,Tottenham,20,28,28,2391,26.6,2,3,5,2,0,0,7,1,2.4,2.4,2.2,4.6,83,155,138,0.08,0.11,0.19,0.08,0.19,0.09,0.08,0.17,0.09,0.17,Left-Back,45000000,25000000.0
Lesley Ugochukwu,FRA,Chelsea,19,12,3,301,3.3,0,0,0,0,0,0,2,0,0.0,0.0,0.1,0.1,8,17,3,0.00,0.00,0.00,0.00,0.00,0.00,0.03,0.03,0.00,0.03,Defensive Midfield,25000000,9000000.0
Enes Ünal,TUR,Bournemouth,26,16,2,328,3.6,2,2,4,2,0,0,1,0,2.9,2.9,1.0,3.9,4,7,28,0.55,0.55,1.10,0.55,1.10,0.80,0.28,1.07,0.80,1.07,Centre-Forward,18000000,25000000.0
Virgil van Dijk,NED,Liverpool,32,36,36,3177,35.3,2,2,4,2,0,0,3,1,2.8,2.8,1.6,4.4,32,200,7,0.06,0.06,0.11,0.06,0.11,0.08,0.04,0.12,0.08,0.12,Centre-Back,30000000,35000000.0
Raphaël Varane,FRA,Manchester Utd,30,22,16,1375,15.3,1,0,1,1,0,0,2,0,1.3,1.3,0.1,1.3,16,59,2,0.07,0.00,0.07,0.07,0.07,0.08,0.00,0.09,0.08,0.09,Centre-Back,20000000,35000000.0
Alejo Véliz,ARG,Tottenham,19,8,0,50,0.6,1,0,1,1,0,0,1,0,0.2,0.2,0.0,0.2,0,1,3,1.80,0.00,1.80,1.80,1.80,0.45,0.00,0.45,0.45,0.45,Centre-Forward,9000000,7000000.0
Joël Veltman,NED,Brighton,31,27,17,1588,17.6,1,1,2,1,0,0,4,0,0.4,0.4,0.5,0.9,24,85,54,0.06,0.06,0.11,0.06,0.11,0.02,0.03,0.05,0.02,0.05,Right-Back,10000000,10000000.0
Micky van de Ven,NED,Tottenham,22,27,27,2339,26.0,3,0,3,3,0,0,5,0,0.6,0.6,0.0,0.6,19,108,9,0.12,0.00,0.12,0.12,0.12,0.02,0.00,0.02,0.02,0.02,Centre-Back,55000000,30000000.0
Bart Verbruggen,NED,Brighton,20,21,21,1890,21.0,0,0,0,0,0,0,3,0,0.0,0.0,0.0,0.0,0,3,0,0.00,0.00,0.00,0.00,0.00,0.00,0.00,0.00,0.00,0.00,Goalkeeper,18000000,10000000.0
Guglielmo Vicario,ITA,Tottenham,26,38,38,3420,38.0,0,0,0,0,0,0,2,0,0.0,0.0,0.0,0.0,0,3,0,0.00,0.00,0.00,0.00,0.00,0.00,0.00,0.00,0.00,0.00,Goalkeeper,35000000,16000000.0
Fabio Vieira,POR,Arsenal,23,11,2,297,3.3,1,2,3,0,1,1,0,1,1.3,0.5,1.6,2.1,12,15,30,0.30,0.61,0.91,0.00,0.61,0.38,0.49,0.87,0.14,0.64,Attacking Midfield,22000000,25000000.0
Carlos Vinícius,BRA,Fulham,28,13,2,315,3.5,2,0,2,2,0,0,2,0,1.6,1.6,0.8,2.4,3,3,13,0.57,0.00,0.57,0.57,0.57,0.46,0.23,0.69,0.46,0.69,Centre-Forward,4000000,6000000.0
Vitinho,BRA,Burnley,24,32,26,2314,25.7,0,2,2,0,0,0,1,0,1.6,1.6,1.3,2.9,59,66,110,0.00,0.08,0.08,0.00,0.08,0.06,0.05,0.11,0.06,0.11,Right-Back,5000000,4000000.0
Odisseas Vlachodimos,GRE,Nott'ham Forest,29,5,5,450,5.0,0,0,0,0,0,0,0,0,0.0,0.0,0.0,0.0,0,1,0,0.00,0.00,0.00,0.00,0.00,0.00,0.01,0.01,0.00,0.01,Goalkeeper,7000000,16000000.0
Kyle Walker,ENG,Manchester City,33,32,30,2767,30.7,0,4,4,0,0,0,2,0,0.4,0.4,2.6,3.0,74,157,172,0.00,0.13,0.13,0.00,0.13,0.01,0.09,0.10,0.01,0.10,Right-Back,13000000,13000000.0
Aaron Wan-Bissaka,ENG,Manchester Utd,25,22,20,1780,19.8,0,2,2,0,0,0,4,0,0.1,0.1,1.5,1.6,30,77,54,0.00,0.10,0.10,0.00,0.10,0.01,0.08,0.08,0.01,0.08,Right-Back,20000000,25000000.0
Joel Ward,ENG,Crystal Palace,33,26,23,1980,22.0,0,1,1,0,0,0,4,0,0.9,0.9,0.2,1.1,16,66,14,0.00,0.05,0.05,0.00,0.05,0.04,0.01,0.05,0.04,0.05,Right-Back,1000000,1200000.0
James Ward-Prowse,ENG,West Ham,28,37,34,3001,33.3,7,7,14,5,2,2,4,0,6.0,4.4,7.8,12.3,18,144,63,0.21,0.21,0.42,0.15,0.36,0.18,0.23,0.41,0.13,0.37,Central Midfield,30000000,38000000.0
Lewis Warrington,ENG,Everton,20,1,0,1,0.0,0,0,0,0,0,0,0,0,0.0,0.0,0.0,0.0,0,0,0,0.00,0.00,0.00,0.00,0.00,0.00,0.00,0.00,0.00,0.00,Central Midfield,500000,500000.0
Deivid Washington,BRA,Chelsea,18,2,0,13,0.1,0,0,0,0,0,0,0,0,0.5,0.5,0.0,0.5,0,0,1,0.00,0.00,0.00,0.00,0.00,3.23,0.00,3.23,3.23,3.23,Centre-Forward,9000000,4000000.0
Ollie Watkins,ENG,Aston Villa,27,37,37,3217,35.7,19,13,32,19,0,0,4,0,16.8,16.8,7.3,24.2,62,55,214,0.53,0.36,0.90,0.53,0.90,0.47,0.21,0.68,0.47,0.68,Centre-Forward,65000000,40000000.0
Adam Webster,ENG,Brighton,28,15,13,1144,12.7,0,0,0,0,0,0,2,0,0.4,0.4,0.1,0.6,16,80,2,0.00,0.00,0.00,0.00,0.00,0.03,0.01,0.05,0.03,0.05,Centre-Back,20000000,25000000.0
Danny Welbeck,ENG,Brighton,32,29,21,1693,18.8,5,1,6,5,0,0,4,0,5.3,5.3,1.7,7.0,32,44,100,0.27,0.05,0.32,0.27,0.32,0.28,0.09,0.37,0.28,0.37,Centre-Forward,5000000,7000000.0
Timo Werner,GER,Tottenham,27,13,10,809,9.0,2,3,5,2,0,0,1,0,3.7,3.7,2.7,6.4,79,41,124,0.22,0.33,0.56,0.22,0.56,0.41,0.30,0.72,0.41,0.72,Left Winger,17000000,17000000.0
Adam Wharton,ENG,Crystal Palace,19,16,15,1297,14.4,0,3,3,0,0,0,2,0,0.3,0.3,2.4,2.8,14,79,10,0.00,0.21,0.21,0.00,0.21,0.02,0.17,0.19,0.02,0.19,Defensive Midfield,30000000,10000000.0
Ethan Wheatley,ENG,Manchester Utd,17,3,0,16,0.2,0,0,0,0,0,0,0,0,0.0,0.0,0.0,0.0,0,0,1,0.00,0.00,0.00,0.00,0.00,0.00,0.00,0.00,0.00,0.00,Centre-Forward,0,
Ben White,ENG,Arsenal,25,37,35,2988,33.2,4,4,8,4,0,0,8,0,1.2,1.2,3.8,5.0,44,192,162,0.12,0.12,0.24,0.12,0.24,0.03,0.11,0.15,0.03,0.15,Right-Back,55000000,55000000.0
Joe White,ENG,Newcastle Utd,20,4,0,13,0.1,0,0,0,0,0,0,1,0,0.0,0.0,0.0,0.0,2,3,3,0.00,0.00,0.00,0.00,0.00,0.00,0.00,0.00,0.00,0.00,Attacking Midfield,300000,250000.0
Neco Williams,WAL,Nott'ham Forest,22,26,18,1637,18.2,0,1,1,0,0,0,4,0,0.8,0.8,1.6,2.5,48,47,86,0.00,0.05,0.05,0.00,0.05,0.04,0.09,0.13,0.04,0.13,Right-Back,17000000,20000000.0
Willian,BRA,Fulham,34,31,24,2053,22.8,4,2,6,2,2,2,1,0,5.1,3.6,3.9,7.5,92,153,181,0.18,0.09,0.26,0.09,0.18,0.22,0.17,0.40,0.16,0.33,Left Winger,3000000,3000000.0
Joe Willock,ENG,Newcastle Utd,23,9,5,419,4.7,1,0,1,1,0,0,0,0,0.8,0.8,0.6,1.4,16,17,26,0.21,0.00,0.21,0.21,0.21,0.17,0.12,0.30,0.17,0.30,Central Midfield,30000000,38000000.0
Callum Wilson,ENG,Newcastle Utd,31,20,9,991,11.0,9,1,10,7,2,2,3,0,8.8,7.2,0.6,7.8,11,9,77,0.82,0.09,0.91,0.64,0.73,0.80,0.05,0.85,0.65,0.71,Centre-Forward,13000000,16000000.0
Harry Wilson,WAL,Fulham,26,35,16,1620,18.0,4,6,10,4,0,0,6,0,3.4,3.4,3.5,6.8,41,60,130,0.22,0.33,0.56,0.22,0.56,0.19,0.19,0.38,0.19,0.38,Right Winger,17000000,16000000.0
Yoane Wissa,COD,Brentford,26,34,29,2493,27.7,12,3,15,12,0,0,7,0,10.6,10.6,3.9,14.5,45,48,150,0.43,0.11,0.54,0.43,0.54,0.38,0.14,0.52,0.38,0.52,Centre-Forward,28000000,18000000.0
Chris Wood,NZL,Nott'ham Forest,31,31,20,1812,20.1,14,1,15,14,0,0,0,0,11.9,11.9,2.1,14.0,16,30,76,0.70,0.05,0.75,0.70,0.75,0.59,0.10,0.70,0.59,0.70,Centre-Forward,7000000,8000000.0
Cauley Woodrow,ENG,Luton Town,28,24,2,427,4.7,1,1,2,1,0,0,2,0,1.4,1.4,1.2,2.6,7,6,22,0.21,0.21,0.42,0.21,0.42,0.30,0.25,0.55,0.30,0.55,Centre-Forward,1000000,1200000.0
Joe Worrall,ENG,Nott'ham Forest,26,7,5,439,4.9,0,0,0,0,0,0,0,1,0.1,0.1,0.2,0.3,0,8,1,0.00,0.00,0.00,0.00,0.00,0.02,0.04,0.06,0.02,0.06,Centre-Back,7500000,12000000.0
Yehor Yarmoliuk,UKR,Brentford,19,27,6,688,7.6,0,0,0,0,0,0,2,0,1.0,1.0,0.1,1.1,13,35,36,0.00,0.00,0.00,0.00,0.00,0.13,0.01,0.14,0.13,0.14,Attacking Midfield,10000000,400000.0
Ryan Yates,ENG,Nott'ham Forest,25,35,21,1992,22.1,1,1,2,1,0,0,6,0,2.6,2.6,0.8,3.5,18,73,37,0.05,0.05,0.09,0.05,0.09,0.12,0.04,0.16,0.12,0.16,Central Midfield,12000000,11000000.0
Ashley Young,ENG,Everton,38,31,27,2280,25.3,0,0,0,0,0,0,7,1,0.6,0.6,1.5,2.1,40,82,61,0.00,0.00,0.00,0.00,0.00,0.02,0.06,0.08,0.02,0.08,Left-Back,500000,600000.0
Illia Zabarnyi,UKR,Bournemouth,20,37,37,3330,37.0,1,0,1,1,0,0,5,0,1.1,1.1,0.4,1.5,24,109,1,0.03,0.00,0.03,0.03,0.03,0.03,0.01,0.04,0.03,0.04,Centre-Back,32000000,20000000.0
Nicolò Zaniolo,ITA,Aston Villa,24,25,9,839,9.3,2,0,2,2,0,0,7,0,2.6,2.6,1.0,3.6,35,30,60,0.21,0.00,0.21,0.21,0.21,0.28,0.11,0.39,0.28,0.39,Attacking Midfield,20000000,27000000.0
Anass Zaroury,MAR,Burnley,22,6,1,152,1.7,0,0,0,0,0,0,0,1,0.2,0.2,0.0,0.2,2,2,12,0.00,0.00,0.00,0.00,0.00,0.10,0.02,0.12,0.10,0.12,Attacking Midfield,9000000,12000000.0
Oleksandr Zinchenko,UKR,Arsenal,26,27,20,1722,19.1,1,2,3,1,0,0,2,0,0.6,0.6,2.5,3.1,40,229,58,0.05,0.10,0.16,0.05,0.16,0.03,0.13,0.16,0.03,0.16,Left-Back,38000000,42000000.0
Kurt Zouma,FRA,West Ham,28,33,32,2838,31.5,3,0,3,3,0,0,3,0,1.8,1.8,0.2,2.0,7,53,1,0.10,0.00,0.10,0.10,0.10,0.06,0.01,0.06,0.06,0.06,Centre-Back,25000000,22000000.0
Martin Ødegaard,NOR,Arsenal,24,35,35,3091,34.3,8,10,18,6,2,2,2,0,7.4,5.8,9.6,15.5,91,344,202,0.23,0.29,0.52,0.17,0.47,0.22,0.28,0.50,0.17,0.45,Attacking Midfield,110000000,90000000.0
